file,key,value,status
src/redrhex_rl_controller/config/redrhex_policy_full_feedback_rig.yaml,redrhex_rl_controller.ros__parameters.hardware.disabled_legs,"[""L1""]",source profile; not necessarily active
src/redrhex_rl_controller/config/redrhex_policy_full_feedback_rig.yaml,redrhex_rl_controller.ros__parameters.hardware.max_disabled_legs,1,source profile; not necessarily active
src/redrhex_rl_controller/config/redrhex_policy_full_feedback_rig.yaml,redrhex_rl_controller.ros__parameters.policy.onnx_path,"""/home/jetson/redrhex_models/policy_verified.onnx""",source profile; not necessarily active
src/redrhex_rl_controller/config/redrhex_policy_full_feedback_rig.yaml,redrhex_rl_controller.ros__parameters.policy.use_cuda,false,source profile; not necessarily active
src/redrhex_rl_controller/config/redrhex_policy_full_feedback_rig.yaml,redrhex_rl_controller.ros__parameters.policy.use_tensorrt,false,source profile; not necessarily active
src/redrhex_rl_controller/config/redrhex_policy_full_feedback_rig.yaml,redrhex_rl_controller.ros__parameters.policy.expected_obs_dim,56,source profile; not necessarily active
src/redrhex_rl_controller/config/redrhex_policy_full_feedback_rig.yaml,redrhex_rl_controller.ros__parameters.policy.expected_action_dim,12,source profile; not necessarily active
src/redrhex_rl_controller/config/redrhex_policy_full_feedback_rig.yaml,redrhex_rl_controller.ros__parameters.policy.policy_hz,0.0,source profile; not necessarily active
src/redrhex_rl_controller/config/redrhex_policy_full_feedback_rig.yaml,redrhex_rl_controller.ros__parameters.policy.allow_history_dim,true,source profile; not necessarily active
src/redrhex_rl_controller/config/redrhex_policy_full_feedback_rig.yaml,redrhex_rl_controller.ros__parameters.policy.observation_contract,"""redrhex_obs56_v2_action_lag2""",source profile; not necessarily active
src/redrhex_rl_controller/config/redrhex_policy_full_feedback_rig.yaml,redrhex_rl_controller.ros__parameters.policy.action_contract,"""redrhex_stage5_residual_v1""",source profile; not necessarily active
src/redrhex_rl_controller/config/redrhex_policy_full_feedback_rig.yaml,redrhex_rl_controller.ros__parameters.policy.require_contract_metadata,true,source profile; not necessarily active
src/redrhex_rl_controller/config/redrhex_policy_full_feedback_rig.yaml,redrhex_rl_controller.ros__parameters.policy.expected_sha256,"""""",source profile; not necessarily active
src/redrhex_rl_controller/config/redrhex_policy_full_feedback_rig.yaml,redrhex_rl_controller.ros__parameters.policy.startup_action_abs_limit,1.5,source profile; not necessarily active
src/redrhex_rl_controller/config/redrhex_policy_full_feedback_rig.yaml,redrhex_rl_controller.ros__parameters.policy.expected_bridge_config_sha256,"""f87729b8e7f350e513f45725fde56bf025e513003a8b1340ef58eef483744c01""",source profile; not necessarily active
src/redrhex_rl_controller/config/redrhex_policy_full_feedback_rig.yaml,redrhex_rl_controller.ros__parameters.policy.max_inference_p99_ms,6.0,source profile; not necessarily active
src/redrhex_rl_controller/config/redrhex_policy_full_feedback_rig.yaml,redrhex_rl_controller.ros__parameters.policy.inference_benchmark_warmup_runs,20,source profile; not necessarily active
src/redrhex_rl_controller/config/redrhex_policy_full_feedback_rig.yaml,redrhex_rl_controller.ros__parameters.policy.inference_benchmark_runs,200,source profile; not necessarily active
src/redrhex_rl_controller/config/redrhex_policy_full_feedback_rig.yaml,redrhex_rl_controller.ros__parameters.observation.sensor_profile,"""full_feedback_rig""",source profile; not necessarily active
src/redrhex_rl_controller/config/redrhex_policy_full_feedback_rig.yaml,redrhex_rl_controller.ros__parameters.observation.encoder_only_rig_acknowledged,false,source profile; not necessarily active
src/redrhex_rl_controller/config/redrhex_policy_full_feedback_rig.yaml,redrhex_rl_controller.ros__parameters.observation.full_feedback_rig_acknowledged,true,source profile; not necessarily active
src/redrhex_rl_controller/config/redrhex_policy_full_feedback_rig.yaml,redrhex_rl_controller.ros__parameters.observation.rig_projected_gravity,"[0.0, -1.0, 0.0]",source profile; not necessarily active
src/redrhex_rl_controller/config/redrhex_policy_full_feedback_rig.yaml,redrhex_rl_controller.ros__parameters.observation.imu_alignment_calibrated,false,source profile; not necessarily active
src/redrhex_rl_controller/config/redrhex_policy_full_feedback_rig.yaml,redrhex_rl_controller.ros__parameters.observation.expected_imu_frame_id,"""""",source profile; not necessarily active
src/redrhex_rl_controller/config/redrhex_policy_full_feedback_rig.yaml,redrhex_rl_controller.ros__parameters.observation.expected_imu_publisher_node,"""""",source profile; not necessarily active
src/redrhex_rl_controller/config/redrhex_policy_full_feedback_rig.yaml,redrhex_rl_controller.ros__parameters.observation.imu_policy_to_sensor_quaternion_xyzw,"[0.0, 0.0, 0.0, 1.0]",source profile; not necessarily active
src/redrhex_rl_controller/config/redrhex_policy_full_feedback_rig.yaml,redrhex_rl_controller.ros__parameters.observation.imu_upright_quaternion_xyzw,"[0.7071067811865476, 0.0, 0.0, 0.7071067811865476]",source profile; not necessarily active
src/redrhex_rl_controller/config/redrhex_policy_full_feedback_rig.yaml,redrhex_rl_controller.ros__parameters.observation.base_lin_vel_source,"""zero""",source profile; not necessarily active
src/redrhex_rl_controller/config/redrhex_policy_full_feedback_rig.yaml,redrhex_rl_controller.ros__parameters.observation.odom_twist_in_body_frame,true,source profile; not necessarily active
src/redrhex_rl_controller/config/redrhex_policy_full_feedback_rig.yaml,redrhex_rl_controller.ros__parameters.observation.abad_feedback_source,"""joint_states""",source profile; not necessarily active
src/redrhex_rl_controller/config/redrhex_policy_full_feedback_rig.yaml,redrhex_rl_controller.ros__parameters.observation.estimate_missing_joint_velocity,true,source profile; not necessarily active
src/redrhex_rl_controller/config/redrhex_policy_full_feedback_rig.yaml,redrhex_rl_controller.ros__parameters.observation.policy_history_length,5,source profile; not necessarily active
src/redrhex_rl_controller/config/redrhex_policy_full_feedback_rig.yaml,redrhex_rl_controller.ros__parameters.observation.observation_clip,100.0,source profile; not necessarily active
src/redrhex_rl_controller/config/redrhex_policy_full_feedback_rig.yaml,redrhex_rl_controller.ros__parameters.observation.require_imu_source_stamp,true,source profile; not necessarily active
src/redrhex_rl_controller/config/redrhex_policy_full_feedback_rig.yaml,redrhex_rl_controller.ros__parameters.observation.max_imu_source_age_s,0.1,source profile; not necessarily active
src/redrhex_rl_controller/config/redrhex_policy_full_feedback_rig.yaml,redrhex_rl_controller.ros__parameters.observation.max_imu_future_skew_s,0.02,source profile; not necessarily active
src/redrhex_rl_controller/config/redrhex_policy_full_feedback_rig.yaml,redrhex_rl_controller.ros__parameters.observation.disabled_leg_observation_mode,"""nominal""",source profile; not necessarily active
src/redrhex_rl_controller/config/redrhex_policy_full_feedback_rig.yaml,redrhex_rl_controller.ros__parameters.state_machine.enable_policy_on_start,false,source profile; not necessarily active
src/redrhex_rl_controller/config/redrhex_policy_full_feedback_rig.yaml,redrhex_rl_controller.ros__parameters.state_machine.enable_motor_output_on_start,false,source profile; not necessarily active
src/redrhex_rl_controller/config/redrhex_policy_full_feedback_rig.yaml,redrhex_rl_controller.ros__parameters.state_machine.init_stand_duration_s,2.0,source profile; not necessarily active
src/redrhex_rl_controller/config/redrhex_policy_full_feedback_rig.yaml,redrhex_rl_controller.ros__parameters.state_machine.init_stand_timeout_s,30.0,source profile; not necessarily active
src/redrhex_rl_controller/config/redrhex_policy_full_feedback_rig.yaml,redrhex_rl_controller.ros__parameters.state_machine.init_stand_position_tolerance_rad,0.12,source profile; not necessarily active
src/redrhex_rl_controller/config/redrhex_policy_full_feedback_rig.yaml,redrhex_rl_controller.ros__parameters.state_machine.init_stand_velocity_tolerance_rad_s,0.25,source profile; not necessarily active
src/redrhex_rl_controller/config/redrhex_policy_full_feedback_rig.yaml,redrhex_rl_controller.ros__parameters.state_machine.init_stand_stable_time_s,0.5,source profile; not necessarily active
src/redrhex_rl_controller/config/redrhex_policy_full_feedback_rig.yaml,redrhex_rl_controller.ros__parameters.state_machine.output_enable_ack_timeout_s,0.15,source profile; not necessarily active
src/redrhex_rl_controller/config/redrhex_policy_full_feedback_rig.yaml,redrhex_rl_controller.ros__parameters.state_machine.policy_run_max_duration_s,60.0,source profile; not necessarily active
src/redrhex_rl_controller/config/redrhex_policy_full_feedback_rig.yaml,redrhex_rl_controller.ros__parameters.state_machine.warmup_duration_s,1.0,source profile; not necessarily active
src/redrhex_rl_controller/config/redrhex_policy_full_feedback_rig.yaml,redrhex_rl_controller.ros__parameters.safety.max_abs_roll_rad,0.45,source profile; not necessarily active
src/redrhex_rl_controller/config/redrhex_policy_full_feedback_rig.yaml,redrhex_rl_controller.ros__parameters.safety.max_abs_pitch_rad,0.45,source profile; not necessarily active
src/redrhex_rl_controller/config/redrhex_policy_full_feedback_rig.yaml,redrhex_rl_controller.ros__parameters.safety.cmd_timeout_s,0.25,source profile; not necessarily active
src/redrhex_rl_controller/config/redrhex_policy_full_feedback_rig.yaml,redrhex_rl_controller.ros__parameters.safety.sensor_timeout_s,0.1,source profile; not necessarily active
src/redrhex_rl_controller/config/redrhex_policy_full_feedback_rig.yaml,redrhex_rl_controller.ros__parameters.safety.motor_feedback_timeout_s,0.25,source profile; not necessarily active
src/redrhex_rl_controller/config/redrhex_policy_full_feedback_rig.yaml,redrhex_rl_controller.ros__parameters.safety.heartbeat_timeout_s,0.15,source profile; not necessarily active
src/redrhex_rl_controller/config/redrhex_policy_full_feedback_rig.yaml,redrhex_rl_controller.ros__parameters.safety.require_motor_feedback,true,source profile; not necessarily active
src/redrhex_rl_controller/config/redrhex_policy_full_feedback_rig.yaml,redrhex_rl_controller.ros__parameters.safety.require_lowlevel_heartbeat,true,source profile; not necessarily active
src/redrhex_rl_controller/config/redrhex_policy_full_feedback_rig.yaml,redrhex_rl_controller.ros__parameters.safety.action_clip,0.35,source profile; not necessarily active
src/redrhex_rl_controller/config/redrhex_policy_full_feedback_rig.yaml,redrhex_rl_controller.ros__parameters.safety.max_raw_action_abs,1.5,source profile; not necessarily active
src/redrhex_rl_controller/config/redrhex_policy_full_feedback_rig.yaml,redrhex_rl_controller.ros__parameters.safety.main_drive_vel_limit_rad_s,1.0,source profile; not necessarily active
src/redrhex_rl_controller/config/redrhex_policy_full_feedback_rig.yaml,redrhex_rl_controller.ros__parameters.safety.max_measured_main_drive_velocity_rad_s,4.0,source profile; not necessarily active
src/redrhex_rl_controller/config/redrhex_policy_full_feedback_rig.yaml,redrhex_rl_controller.ros__parameters.safety.abad_pos_limit_rad,0.18,source profile; not necessarily active
src/redrhex_rl_controller/config/redrhex_policy_full_feedback_rig.yaml,redrhex_rl_controller.ros__parameters.safety.max_motor_temperature_c,55.0,source profile; not necessarily active
src/redrhex_rl_controller/config/redrhex_policy_full_feedback_rig.yaml,redrhex_rl_controller.ros__parameters.safety.max_motor_current_a,5.0,source profile; not necessarily active
src/redrhex_rl_controller/config/redrhex_policy_full_feedback_rig.yaml,redrhex_rl_controller.ros__parameters.safety.max_control_loop_dt_s,0.03,source profile; not necessarily active
src/redrhex_rl_controller/config/redrhex_policy_full_feedback_rig.yaml,redrhex_rl_controller.ros__parameters.safety.max_inference_duration_s,0.016,source profile; not necessarily active
src/redrhex_rl_controller/config/redrhex_policy_full_feedback_rig.yaml,redrhex_rl_controller.ros__parameters.safety.motor_current_trip_samples,10,source profile; not necessarily active
src/redrhex_rl_controller/config/redrhex_policy_full_feedback_rig.yaml,redrhex_rl_controller.ros__parameters.safety.control_loop_trip_samples,3,source profile; not necessarily active
src/redrhex_rl_controller/config/redrhex_policy_full_feedback_rig.yaml,redrhex_rl_controller.ros__parameters.safety.inference_trip_samples,3,source profile; not necessarily active
src/redrhex_rl_controller/config/redrhex_policy_full_feedback_rig.yaml,redrhex_rl_controller.ros__parameters.safety.main_drive_slew_rate_rad_s2,12.0,source profile; not necessarily active
src/redrhex_rl_controller/config/redrhex_policy_full_feedback_rig.yaml,redrhex_rl_controller.ros__parameters.safety.abad_slew_rate_rad_s,1.0,source profile; not necessarily active
src/redrhex_rl_controller/config/redrhex_policy_full_feedback_rig.yaml,redrhex_rl_controller.ros__parameters.action.hardware_mapping_calibrated,false,source profile; not necessarily active
src/redrhex_rl_controller/config/redrhex_policy_full_feedback_rig.yaml,redrhex_rl_controller.ros__parameters.action.play_forward_compat_enable,true,source profile; not necessarily active
src/redrhex_rl_controller/config/redrhex_policy_full_feedback_rig.yaml,redrhex_rl_controller.ros__parameters.action.play_forward_compat_bias_scale,1.0,source profile; not necessarily active
src/redrhex_rl_controller/config/redrhex_policy_full_feedback_rig.yaml,redrhex_rl_controller.ros__parameters.action.play_forward_compat_residual_scale,0.04,source profile; not necessarily active
src/redrhex_rl_controller/config/redrhex_policy_full_feedback_rig.yaml,redrhex_rl_controller.ros__parameters.action.play_forward_compat_residual_clip,0.3,source profile; not necessarily active
src/redrhex_rl_controller/config/redrhex_policy_full_feedback_rig.yaml,redrhex_rl_controller.ros__parameters.action.include_damper_command,false,source profile; not necessarily active
src/redrhex_rl_controller/config/redrhex_policy_full_feedback_rig.yaml,redrhex_rl_controller.ros__parameters.action.main_drive_init_control_mode,"""velocity_to_pose""",source profile; not necessarily active
src/redrhex_rl_controller/config/redrhex_policy_full_feedback_rig.yaml,redrhex_rl_controller.ros__parameters.action.init_stand_main_drive_position_gain,1.2,source profile; not necessarily active
src/redrhex_rl_controller/config/redrhex_policy_full_feedback_rig.yaml,redrhex_rl_controller.ros__parameters.action.init_stand_max_main_drive_vel_rad_s,0.35,source profile; not necessarily active
src/redrhex_rl_controller/config/redrhex_policy_full_feedback_rig.yaml,redrhex_rl_controller.ros__parameters.action.main_drive_sign,"[1.0, 1.0, 1.0, 1.0, 1.0, 1.0]",source profile; not necessarily active
src/redrhex_rl_controller/config/redrhex_policy_full_feedback_rig.yaml,redrhex_rl_controller.ros__parameters.action.abad_sign,"[1.0, 1.0, 1.0, 1.0, 1.0, 1.0]",source profile; not necessarily active
src/redrhex_rl_controller/config/redrhex_policy_full_feedback_rig.yaml,redrhex_rl_controller.ros__parameters.action.damper_sign,"[1.0, 1.0, 1.0, 1.0, 1.0, 1.0]",source profile; not necessarily active
src/redrhex_rl_controller/config/redrhex_policy_full_feedback_rig.yaml,redrhex_rl_controller.ros__parameters.action.main_drive_zero_offset_rad,"[0.0, 0.0, 0.0, 0.0, 0.0, 0.0]",source profile; not necessarily active
src/redrhex_rl_controller/config/redrhex_policy_full_feedback_rig.yaml,redrhex_rl_controller.ros__parameters.action.abad_zero_offset_rad,"[0.0, 0.0, 0.0, 0.0, 0.0, 0.0]",source profile; not necessarily active
src/redrhex_rl_controller/config/redrhex_policy_full_feedback_rig.yaml,redrhex_rl_controller.ros__parameters.action.damper_zero_offset_rad,"[0.0, 0.0, 0.0, 0.0, 0.0, 0.0]",source profile; not necessarily active
src/redrhex_rl_controller/config/redrhex_policy_full_feedback_rig.yaml,redrhex_rl_controller.ros__parameters.action.main_drive_kp,"[0.0, 0.0, 0.0, 0.0, 0.0, 0.0]",source profile; not necessarily active
src/redrhex_rl_controller/config/redrhex_policy_full_feedback_rig.yaml,redrhex_rl_controller.ros__parameters.action.main_drive_kd,"[10.0, 10.0, 10.0, 10.0, 10.0, 10.0]",source profile; not necessarily active
src/redrhex_rl_controller/config/redrhex_policy_full_feedback_rig.yaml,redrhex_rl_controller.ros__parameters.action.abad_kp,"[8.0, 8.0, 8.0, 8.0, 8.0, 8.0]",source profile; not necessarily active
src/redrhex_rl_controller/config/redrhex_policy_full_feedback_rig.yaml,redrhex_rl_controller.ros__parameters.action.abad_kd,"[0.8, 0.8, 0.8, 0.8, 0.8, 0.8]",source profile; not necessarily active
src/redrhex_rl_controller/config/redrhex_policy_full_feedback_rig.yaml,redrhex_rl_controller.ros__parameters.action.stand_main_drive_kp,"[3.0, 3.0, 3.0, 3.0, 3.0, 3.0]",source profile; not necessarily active
src/redrhex_rl_controller/config/redrhex_policy_full_feedback_rig.yaml,redrhex_rl_controller.ros__parameters.action.stand_main_drive_kd,"[0.3, 0.3, 0.3, 0.3, 0.3, 0.3]",source profile; not necessarily active
src/redrhex_rl_controller/config/redrhex_policy_full_feedback_rig.yaml,redrhex_rl_controller.ros__parameters.commands.profile,"""fixed_forward""",source profile; not necessarily active
src/redrhex_rl_controller/config/redrhex_policy_full_feedback_rig.yaml,redrhex_rl_controller.ros__parameters.commands.fixed_forward_vx,0.22,source profile; not necessarily active
src/redrhex_rl_controller/config/redrhex_policy_full_feedback_rig.yaml,redrhex_rl_controller.ros__parameters.commands.vx_min,0.0,source profile; not necessarily active
src/redrhex_rl_controller/config/redrhex_policy_full_feedback_rig.yaml,redrhex_rl_controller.ros__parameters.commands.vx_max,0.22,source profile; not necessarily active
src/redrhex_rl_controller/config/redrhex_policy_full_feedback_rig.yaml,redrhex_rl_controller.ros__parameters.commands.vy_min,-0.14,source profile; not necessarily active
src/redrhex_rl_controller/config/redrhex_policy_full_feedback_rig.yaml,redrhex_rl_controller.ros__parameters.commands.vy_max,0.14,source profile; not necessarily active
src/redrhex_rl_controller/config/redrhex_policy_full_feedback_rig.yaml,redrhex_rl_controller.ros__parameters.commands.wz_min,-0.17,source profile; not necessarily active
src/redrhex_rl_controller/config/redrhex_policy_full_feedback_rig.yaml,redrhex_rl_controller.ros__parameters.commands.wz_max,0.17,source profile; not necessarily active
src/redrhex_rl_controller/config/redrhex_policy_sensor_v2_suspended_experimental.yaml,redrhex_rl_controller.ros__parameters.hardware.disabled_legs,"[""L1""]",source profile; not necessarily active
src/redrhex_rl_controller/config/redrhex_policy_sensor_v2_suspended_experimental.yaml,redrhex_rl_controller.ros__parameters.hardware.max_disabled_legs,1,source profile; not necessarily active
src/redrhex_rl_controller/config/redrhex_policy_sensor_v2_suspended_experimental.yaml,redrhex_rl_controller.ros__parameters.policy.onnx_path,"""/home/jetson/redrhex_models/policy_verified_sensor_v2.onnx""",source profile; not necessarily active
src/redrhex_rl_controller/config/redrhex_policy_sensor_v2_suspended_experimental.yaml,redrhex_rl_controller.ros__parameters.policy.use_cuda,false,source profile; not necessarily active
src/redrhex_rl_controller/config/redrhex_policy_sensor_v2_suspended_experimental.yaml,redrhex_rl_controller.ros__parameters.policy.use_tensorrt,false,source profile; not necessarily active
src/redrhex_rl_controller/config/redrhex_policy_sensor_v2_suspended_experimental.yaml,redrhex_rl_controller.ros__parameters.policy.expected_obs_dim,56,source profile; not necessarily active
src/redrhex_rl_controller/config/redrhex_policy_sensor_v2_suspended_experimental.yaml,redrhex_rl_controller.ros__parameters.policy.expected_action_dim,12,source profile; not necessarily active
src/redrhex_rl_controller/config/redrhex_policy_sensor_v2_suspended_experimental.yaml,redrhex_rl_controller.ros__parameters.policy.policy_hz,0.0,source profile; not necessarily active
src/redrhex_rl_controller/config/redrhex_policy_sensor_v2_suspended_experimental.yaml,redrhex_rl_controller.ros__parameters.policy.allow_history_dim,true,source profile; not necessarily active
src/redrhex_rl_controller/config/redrhex_policy_sensor_v2_suspended_experimental.yaml,redrhex_rl_controller.ros__parameters.policy.observation_contract,"""redrhex_obs56_v2_action_lag2""",source profile; not necessarily active
src/redrhex_rl_controller/config/redrhex_policy_sensor_v2_suspended_experimental.yaml,redrhex_rl_controller.ros__parameters.policy.action_contract,"""redrhex_stage5_residual_v1""",source profile; not necessarily active
src/redrhex_rl_controller/config/redrhex_policy_sensor_v2_suspended_experimental.yaml,redrhex_rl_controller.ros__parameters.policy.require_contract_metadata,true,source profile; not necessarily active
src/redrhex_rl_controller/config/redrhex_policy_sensor_v2_suspended_experimental.yaml,redrhex_rl_controller.ros__parameters.policy.expected_sha256,"""""",source profile; not necessarily active
src/redrhex_rl_controller/config/redrhex_policy_sensor_v2_suspended_experimental.yaml,redrhex_rl_controller.ros__parameters.policy.startup_action_abs_limit,1.5,source profile; not necessarily active
src/redrhex_rl_controller/config/redrhex_policy_sensor_v2_suspended_experimental.yaml,redrhex_rl_controller.ros__parameters.policy.expected_bridge_config_sha256,"""f87729b8e7f350e513f45725fde56bf025e513003a8b1340ef58eef483744c01""",source profile; not necessarily active
src/redrhex_rl_controller/config/redrhex_policy_sensor_v2_suspended_experimental.yaml,redrhex_rl_controller.ros__parameters.policy.max_inference_p99_ms,6.0,source profile; not necessarily active
src/redrhex_rl_controller/config/redrhex_policy_sensor_v2_suspended_experimental.yaml,redrhex_rl_controller.ros__parameters.policy.inference_benchmark_warmup_runs,20,source profile; not necessarily active
src/redrhex_rl_controller/config/redrhex_policy_sensor_v2_suspended_experimental.yaml,redrhex_rl_controller.ros__parameters.policy.inference_benchmark_runs,200,source profile; not necessarily active
src/redrhex_rl_controller/config/redrhex_policy_sensor_v2_suspended_experimental.yaml,redrhex_rl_controller.ros__parameters.observation.sensor_profile,"""full_feedback_rig""",source profile; not necessarily active
src/redrhex_rl_controller/config/redrhex_policy_sensor_v2_suspended_experimental.yaml,redrhex_rl_controller.ros__parameters.observation.encoder_only_rig_acknowledged,false,source profile; not necessarily active
src/redrhex_rl_controller/config/redrhex_policy_sensor_v2_suspended_experimental.yaml,redrhex_rl_controller.ros__parameters.observation.full_feedback_rig_acknowledged,true,source profile; not necessarily active
src/redrhex_rl_controller/config/redrhex_policy_sensor_v2_suspended_experimental.yaml,redrhex_rl_controller.ros__parameters.observation.rig_projected_gravity,"[0.0, -1.0, 0.0]",source profile; not necessarily active
src/redrhex_rl_controller/config/redrhex_policy_sensor_v2_suspended_experimental.yaml,redrhex_rl_controller.ros__parameters.observation.imu_alignment_calibrated,false,source profile; not necessarily active
src/redrhex_rl_controller/config/redrhex_policy_sensor_v2_suspended_experimental.yaml,redrhex_rl_controller.ros__parameters.observation.expected_imu_frame_id,"""""",source profile; not necessarily active
src/redrhex_rl_controller/config/redrhex_policy_sensor_v2_suspended_experimental.yaml,redrhex_rl_controller.ros__parameters.observation.expected_imu_publisher_node,"""""",source profile; not necessarily active
src/redrhex_rl_controller/config/redrhex_policy_sensor_v2_suspended_experimental.yaml,redrhex_rl_controller.ros__parameters.observation.imu_policy_to_sensor_quaternion_xyzw,"[0.0, 0.0, 0.0, 1.0]",source profile; not necessarily active
src/redrhex_rl_controller/config/redrhex_policy_sensor_v2_suspended_experimental.yaml,redrhex_rl_controller.ros__parameters.observation.imu_upright_quaternion_xyzw,"[0.7071067811865476, 0.0, 0.0, 0.7071067811865476]",source profile; not necessarily active
src/redrhex_rl_controller/config/redrhex_policy_sensor_v2_suspended_experimental.yaml,redrhex_rl_controller.ros__parameters.observation.base_lin_vel_source,"""zero""",source profile; not necessarily active
src/redrhex_rl_controller/config/redrhex_policy_sensor_v2_suspended_experimental.yaml,redrhex_rl_controller.ros__parameters.observation.odom_twist_in_body_frame,true,source profile; not necessarily active
src/redrhex_rl_controller/config/redrhex_policy_sensor_v2_suspended_experimental.yaml,redrhex_rl_controller.ros__parameters.observation.abad_feedback_source,"""joint_states""",source profile; not necessarily active
src/redrhex_rl_controller/config/redrhex_policy_sensor_v2_suspended_experimental.yaml,redrhex_rl_controller.ros__parameters.observation.estimate_missing_joint_velocity,true,source profile; not necessarily active
src/redrhex_rl_controller/config/redrhex_policy_sensor_v2_suspended_experimental.yaml,redrhex_rl_controller.ros__parameters.observation.policy_history_length,5,source profile; not necessarily active
src/redrhex_rl_controller/config/redrhex_policy_sensor_v2_suspended_experimental.yaml,redrhex_rl_controller.ros__parameters.observation.observation_clip,100.0,source profile; not necessarily active
src/redrhex_rl_controller/config/redrhex_policy_sensor_v2_suspended_experimental.yaml,redrhex_rl_controller.ros__parameters.observation.require_imu_source_stamp,true,source profile; not necessarily active
src/redrhex_rl_controller/config/redrhex_policy_sensor_v2_suspended_experimental.yaml,redrhex_rl_controller.ros__parameters.observation.max_imu_source_age_s,0.1,source profile; not necessarily active
src/redrhex_rl_controller/config/redrhex_policy_sensor_v2_suspended_experimental.yaml,redrhex_rl_controller.ros__parameters.observation.max_imu_future_skew_s,0.02,source profile; not necessarily active
src/redrhex_rl_controller/config/redrhex_policy_sensor_v2_suspended_experimental.yaml,redrhex_rl_controller.ros__parameters.observation.disabled_leg_observation_mode,"""nominal""",source profile; not necessarily active
src/redrhex_rl_controller/config/redrhex_policy_sensor_v2_suspended_experimental.yaml,redrhex_rl_controller.ros__parameters.state_machine.enable_policy_on_start,false,source profile; not necessarily active
src/redrhex_rl_controller/config/redrhex_policy_sensor_v2_suspended_experimental.yaml,redrhex_rl_controller.ros__parameters.state_machine.enable_motor_output_on_start,false,source profile; not necessarily active
src/redrhex_rl_controller/config/redrhex_policy_sensor_v2_suspended_experimental.yaml,redrhex_rl_controller.ros__parameters.state_machine.init_stand_duration_s,2.0,source profile; not necessarily active
src/redrhex_rl_controller/config/redrhex_policy_sensor_v2_suspended_experimental.yaml,redrhex_rl_controller.ros__parameters.state_machine.init_stand_timeout_s,30.0,source profile; not necessarily active
src/redrhex_rl_controller/config/redrhex_policy_sensor_v2_suspended_experimental.yaml,redrhex_rl_controller.ros__parameters.state_machine.init_stand_position_tolerance_rad,0.12,source profile; not necessarily active
src/redrhex_rl_controller/config/redrhex_policy_sensor_v2_suspended_experimental.yaml,redrhex_rl_controller.ros__parameters.state_machine.init_stand_velocity_tolerance_rad_s,0.25,source profile; not necessarily active
src/redrhex_rl_controller/config/redrhex_policy_sensor_v2_suspended_experimental.yaml,redrhex_rl_controller.ros__parameters.state_machine.init_stand_stable_time_s,0.5,source profile; not necessarily active
src/redrhex_rl_controller/config/redrhex_policy_sensor_v2_suspended_experimental.yaml,redrhex_rl_controller.ros__parameters.state_machine.output_enable_ack_timeout_s,0.15,source profile; not necessarily active
src/redrhex_rl_controller/config/redrhex_policy_sensor_v2_suspended_experimental.yaml,redrhex_rl_controller.ros__parameters.state_machine.policy_run_max_duration_s,60.0,source profile; not necessarily active
src/redrhex_rl_controller/config/redrhex_policy_sensor_v2_suspended_experimental.yaml,redrhex_rl_controller.ros__parameters.state_machine.warmup_duration_s,1.0,source profile; not necessarily active
src/redrhex_rl_controller/config/redrhex_policy_sensor_v2_suspended_experimental.yaml,redrhex_rl_controller.ros__parameters.safety.max_abs_roll_rad,0.45,source profile; not necessarily active
src/redrhex_rl_controller/config/redrhex_policy_sensor_v2_suspended_experimental.yaml,redrhex_rl_controller.ros__parameters.safety.max_abs_pitch_rad,0.45,source profile; not necessarily active
src/redrhex_rl_controller/config/redrhex_policy_sensor_v2_suspended_experimental.yaml,redrhex_rl_controller.ros__parameters.safety.cmd_timeout_s,0.25,source profile; not necessarily active
src/redrhex_rl_controller/config/redrhex_policy_sensor_v2_suspended_experimental.yaml,redrhex_rl_controller.ros__parameters.safety.sensor_timeout_s,0.1,source profile; not necessarily active
src/redrhex_rl_controller/config/redrhex_policy_sensor_v2_suspended_experimental.yaml,redrhex_rl_controller.ros__parameters.safety.motor_feedback_timeout_s,0.25,source profile; not necessarily active
src/redrhex_rl_controller/config/redrhex_policy_sensor_v2_suspended_experimental.yaml,redrhex_rl_controller.ros__parameters.safety.heartbeat_timeout_s,0.15,source profile; not necessarily active
src/redrhex_rl_controller/config/redrhex_policy_sensor_v2_suspended_experimental.yaml,redrhex_rl_controller.ros__parameters.safety.require_motor_feedback,true,source profile; not necessarily active
src/redrhex_rl_controller/config/redrhex_policy_sensor_v2_suspended_experimental.yaml,redrhex_rl_controller.ros__parameters.safety.require_lowlevel_heartbeat,true,source profile; not necessarily active
src/redrhex_rl_controller/config/redrhex_policy_sensor_v2_suspended_experimental.yaml,redrhex_rl_controller.ros__parameters.safety.action_clip,0.35,source profile; not necessarily active
src/redrhex_rl_controller/config/redrhex_policy_sensor_v2_suspended_experimental.yaml,redrhex_rl_controller.ros__parameters.safety.max_raw_action_abs,1.5,source profile; not necessarily active
src/redrhex_rl_controller/config/redrhex_policy_sensor_v2_suspended_experimental.yaml,redrhex_rl_controller.ros__parameters.safety.main_drive_vel_limit_rad_s,1.0,source profile; not necessarily active
src/redrhex_rl_controller/config/redrhex_policy_sensor_v2_suspended_experimental.yaml,redrhex_rl_controller.ros__parameters.safety.max_measured_main_drive_velocity_rad_s,4.0,source profile; not necessarily active
src/redrhex_rl_controller/config/redrhex_policy_sensor_v2_suspended_experimental.yaml,redrhex_rl_controller.ros__parameters.safety.abad_pos_limit_rad,0.18,source profile; not necessarily active
src/redrhex_rl_controller/config/redrhex_policy_sensor_v2_suspended_experimental.yaml,redrhex_rl_controller.ros__parameters.safety.max_motor_temperature_c,55.0,source profile; not necessarily active
src/redrhex_rl_controller/config/redrhex_policy_sensor_v2_suspended_experimental.yaml,redrhex_rl_controller.ros__parameters.safety.max_motor_current_a,5.0,source profile; not necessarily active
src/redrhex_rl_controller/config/redrhex_policy_sensor_v2_suspended_experimental.yaml,redrhex_rl_controller.ros__parameters.safety.max_control_loop_dt_s,0.03,source profile; not necessarily active
src/redrhex_rl_controller/config/redrhex_policy_sensor_v2_suspended_experimental.yaml,redrhex_rl_controller.ros__parameters.safety.max_inference_duration_s,0.016,source profile; not necessarily active
src/redrhex_rl_controller/config/redrhex_policy_sensor_v2_suspended_experimental.yaml,redrhex_rl_controller.ros__parameters.safety.motor_current_trip_samples,10,source profile; not necessarily active
src/redrhex_rl_controller/config/redrhex_policy_sensor_v2_suspended_experimental.yaml,redrhex_rl_controller.ros__parameters.safety.control_loop_trip_samples,3,source profile; not necessarily active
src/redrhex_rl_controller/config/redrhex_policy_sensor_v2_suspended_experimental.yaml,redrhex_rl_controller.ros__parameters.safety.inference_trip_samples,3,source profile; not necessarily active
src/redrhex_rl_controller/config/redrhex_policy_sensor_v2_suspended_experimental.yaml,redrhex_rl_controller.ros__parameters.safety.main_drive_slew_rate_rad_s2,12.0,source profile; not necessarily active
src/redrhex_rl_controller/config/redrhex_policy_sensor_v2_suspended_experimental.yaml,redrhex_rl_controller.ros__parameters.safety.abad_slew_rate_rad_s,1.0,source profile; not necessarily active
src/redrhex_rl_controller/config/redrhex_policy_sensor_v2_suspended_experimental.yaml,redrhex_rl_controller.ros__parameters.action.hardware_mapping_calibrated,false,source profile; not necessarily active
src/redrhex_rl_controller/config/redrhex_policy_sensor_v2_suspended_experimental.yaml,redrhex_rl_controller.ros__parameters.action.play_forward_compat_enable,true,source profile; not necessarily active
src/redrhex_rl_controller/config/redrhex_policy_sensor_v2_suspended_experimental.yaml,redrhex_rl_controller.ros__parameters.action.play_forward_compat_bias_scale,1.0,source profile; not necessarily active
src/redrhex_rl_controller/config/redrhex_policy_sensor_v2_suspended_experimental.yaml,redrhex_rl_controller.ros__parameters.action.play_forward_compat_residual_scale,0.04,source profile; not necessarily active
src/redrhex_rl_controller/config/redrhex_policy_sensor_v2_suspended_experimental.yaml,redrhex_rl_controller.ros__parameters.action.play_forward_compat_residual_clip,0.3,source profile; not necessarily active
src/redrhex_rl_controller/config/redrhex_policy_sensor_v2_suspended_experimental.yaml,redrhex_rl_controller.ros__parameters.action.include_damper_command,false,source profile; not necessarily active
src/redrhex_rl_controller/config/redrhex_policy_sensor_v2_suspended_experimental.yaml,redrhex_rl_controller.ros__parameters.action.main_drive_init_control_mode,"""velocity_to_pose""",source profile; not necessarily active
src/redrhex_rl_controller/config/redrhex_policy_sensor_v2_suspended_experimental.yaml,redrhex_rl_controller.ros__parameters.action.init_stand_main_drive_position_gain,1.2,source profile; not necessarily active
src/redrhex_rl_controller/config/redrhex_policy_sensor_v2_suspended_experimental.yaml,redrhex_rl_controller.ros__parameters.action.init_stand_max_main_drive_vel_rad_s,0.35,source profile; not necessarily active
src/redrhex_rl_controller/config/redrhex_policy_sensor_v2_suspended_experimental.yaml,redrhex_rl_controller.ros__parameters.action.main_drive_sign,"[1.0, 1.0, 1.0, 1.0, 1.0, 1.0]",source profile; not necessarily active
src/redrhex_rl_controller/config/redrhex_policy_sensor_v2_suspended_experimental.yaml,redrhex_rl_controller.ros__parameters.action.abad_sign,"[1.0, 1.0, 1.0, 1.0, 1.0, 1.0]",source profile; not necessarily active
src/redrhex_rl_controller/config/redrhex_policy_sensor_v2_suspended_experimental.yaml,redrhex_rl_controller.ros__parameters.action.damper_sign,"[1.0, 1.0, 1.0, 1.0, 1.0, 1.0]",source profile; not necessarily active
src/redrhex_rl_controller/config/redrhex_policy_sensor_v2_suspended_experimental.yaml,redrhex_rl_controller.ros__parameters.action.main_drive_zero_offset_rad,"[0.0, 0.0, 0.0, 0.0, 0.0, 0.0]",source profile; not necessarily active
src/redrhex_rl_controller/config/redrhex_policy_sensor_v2_suspended_experimental.yaml,redrhex_rl_controller.ros__parameters.action.abad_zero_offset_rad,"[0.0, 0.0, 0.0, 0.0, 0.0, 0.0]",source profile; not necessarily active
src/redrhex_rl_controller/config/redrhex_policy_sensor_v2_suspended_experimental.yaml,redrhex_rl_controller.ros__parameters.action.damper_zero_offset_rad,"[0.0, 0.0, 0.0, 0.0, 0.0, 0.0]",source profile; not necessarily active
src/redrhex_rl_controller/config/redrhex_policy_sensor_v2_suspended_experimental.yaml,redrhex_rl_controller.ros__parameters.action.main_drive_kp,"[0.0, 0.0, 0.0, 0.0, 0.0, 0.0]",source profile; not necessarily active
src/redrhex_rl_controller/config/redrhex_policy_sensor_v2_suspended_experimental.yaml,redrhex_rl_controller.ros__parameters.action.main_drive_kd,"[10.0, 10.0, 10.0, 10.0, 10.0, 10.0]",source profile; not necessarily active
src/redrhex_rl_controller/config/redrhex_policy_sensor_v2_suspended_experimental.yaml,redrhex_rl_controller.ros__parameters.action.abad_kp,"[8.0, 8.0, 8.0, 8.0, 8.0, 8.0]",source profile; not necessarily active
src/redrhex_rl_controller/config/redrhex_policy_sensor_v2_suspended_experimental.yaml,redrhex_rl_controller.ros__parameters.action.abad_kd,"[0.8, 0.8, 0.8, 0.8, 0.8, 0.8]",source profile; not necessarily active
src/redrhex_rl_controller/config/redrhex_policy_sensor_v2_suspended_experimental.yaml,redrhex_rl_controller.ros__parameters.action.stand_main_drive_kp,"[3.0, 3.0, 3.0, 3.0, 3.0, 3.0]",source profile; not necessarily active
src/redrhex_rl_controller/config/redrhex_policy_sensor_v2_suspended_experimental.yaml,redrhex_rl_controller.ros__parameters.action.stand_main_drive_kd,"[0.3, 0.3, 0.3, 0.3, 0.3, 0.3]",source profile; not necessarily active
src/redrhex_rl_controller/config/redrhex_policy_sensor_v2_suspended_experimental.yaml,redrhex_rl_controller.ros__parameters.commands.profile,"""fixed_forward""",source profile; not necessarily active
src/redrhex_rl_controller/config/redrhex_policy_sensor_v2_suspended_experimental.yaml,redrhex_rl_controller.ros__parameters.commands.fixed_forward_vx,0.22,source profile; not necessarily active
src/redrhex_rl_controller/config/redrhex_policy_sensor_v2_suspended_experimental.yaml,redrhex_rl_controller.ros__parameters.commands.vx_min,0.0,source profile; not necessarily active
src/redrhex_rl_controller/config/redrhex_policy_sensor_v2_suspended_experimental.yaml,redrhex_rl_controller.ros__parameters.commands.vx_max,0.22,source profile; not necessarily active
src/redrhex_rl_controller/config/redrhex_policy_sensor_v2_suspended_experimental.yaml,redrhex_rl_controller.ros__parameters.commands.vy_min,-0.14,source profile; not necessarily active
src/redrhex_rl_controller/config/redrhex_policy_sensor_v2_suspended_experimental.yaml,redrhex_rl_controller.ros__parameters.commands.vy_max,0.14,source profile; not necessarily active
src/redrhex_rl_controller/config/redrhex_policy_sensor_v2_suspended_experimental.yaml,redrhex_rl_controller.ros__parameters.commands.wz_min,-0.17,source profile; not necessarily active
src/redrhex_rl_controller/config/redrhex_policy_sensor_v2_suspended_experimental.yaml,redrhex_rl_controller.ros__parameters.commands.wz_max,0.17,source profile; not necessarily active
src/redrhex_rl_controller/config/redrhex_policy_locomotion_tune.yaml,redrhex_rl_controller.ros__parameters.hardware.disabled_legs,[],source profile; not necessarily active
src/redrhex_rl_controller/config/redrhex_policy_locomotion_tune.yaml,redrhex_rl_controller.ros__parameters.hardware.max_disabled_legs,1,source profile; not necessarily active
src/redrhex_rl_controller/config/redrhex_policy_locomotion_tune.yaml,redrhex_rl_controller.ros__parameters.policy.onnx_path,"""/home/jetson/redrhex_models/policy.onnx""",source profile; not necessarily active
src/redrhex_rl_controller/config/redrhex_policy_locomotion_tune.yaml,redrhex_rl_controller.ros__parameters.policy.use_cuda,false,source profile; not necessarily active
src/redrhex_rl_controller/config/redrhex_policy_locomotion_tune.yaml,redrhex_rl_controller.ros__parameters.policy.use_tensorrt,false,source profile; not necessarily active
src/redrhex_rl_controller/config/redrhex_policy_locomotion_tune.yaml,redrhex_rl_controller.ros__parameters.policy.expected_obs_dim,56,source profile; not necessarily active
src/redrhex_rl_controller/config/redrhex_policy_locomotion_tune.yaml,redrhex_rl_controller.ros__parameters.policy.expected_action_dim,12,source profile; not necessarily active
src/redrhex_rl_controller/config/redrhex_policy_locomotion_tune.yaml,redrhex_rl_controller.ros__parameters.policy.policy_hz,0.0,source profile; not necessarily active
src/redrhex_rl_controller/config/redrhex_policy_locomotion_tune.yaml,redrhex_rl_controller.ros__parameters.policy.allow_history_dim,true,source profile; not necessarily active
src/redrhex_rl_controller/config/redrhex_policy_locomotion_tune.yaml,redrhex_rl_controller.ros__parameters.policy.observation_contract,"""redrhex_obs56_v2_action_lag2""",source profile; not necessarily active
src/redrhex_rl_controller/config/redrhex_policy_locomotion_tune.yaml,redrhex_rl_controller.ros__parameters.policy.action_contract,"""redrhex_stage5_residual_v1""",source profile; not necessarily active
src/redrhex_rl_controller/config/redrhex_policy_locomotion_tune.yaml,redrhex_rl_controller.ros__parameters.policy.require_contract_metadata,false,source profile; not necessarily active
src/redrhex_rl_controller/config/redrhex_policy_locomotion_tune.yaml,redrhex_rl_controller.ros__parameters.policy.expected_sha256,"""""",source profile; not necessarily active
src/redrhex_rl_controller/config/redrhex_policy_locomotion_tune.yaml,redrhex_rl_controller.ros__parameters.policy.startup_action_abs_limit,1.5,source profile; not necessarily active
src/redrhex_rl_controller/config/redrhex_policy_locomotion_tune.yaml,redrhex_rl_controller.ros__parameters.policy.expected_bridge_config_sha256,"""""",source profile; not necessarily active
src/redrhex_rl_controller/config/redrhex_policy_locomotion_tune.yaml,redrhex_rl_controller.ros__parameters.policy.max_inference_p99_ms,6.0,source profile; not necessarily active
src/redrhex_rl_controller/config/redrhex_policy_locomotion_tune.yaml,redrhex_rl_controller.ros__parameters.policy.inference_benchmark_warmup_runs,20,source profile; not necessarily active
src/redrhex_rl_controller/config/redrhex_policy_locomotion_tune.yaml,redrhex_rl_controller.ros__parameters.policy.inference_benchmark_runs,200,source profile; not necessarily active
src/redrhex_rl_controller/config/redrhex_policy_locomotion_tune.yaml,redrhex_rl_controller.ros__parameters.observation.sensor_profile,"""full_state""",source profile; not necessarily active
src/redrhex_rl_controller/config/redrhex_policy_locomotion_tune.yaml,redrhex_rl_controller.ros__parameters.observation.encoder_only_rig_acknowledged,false,source profile; not necessarily active
src/redrhex_rl_controller/config/redrhex_policy_locomotion_tune.yaml,redrhex_rl_controller.ros__parameters.observation.full_feedback_rig_acknowledged,false,source profile; not necessarily active
src/redrhex_rl_controller/config/redrhex_policy_locomotion_tune.yaml,redrhex_rl_controller.ros__parameters.observation.rig_projected_gravity,"[0.0, -1.0, 0.0]",source profile; not necessarily active
src/redrhex_rl_controller/config/redrhex_policy_locomotion_tune.yaml,redrhex_rl_controller.ros__parameters.observation.imu_alignment_calibrated,false,source profile; not necessarily active
src/redrhex_rl_controller/config/redrhex_policy_locomotion_tune.yaml,redrhex_rl_controller.ros__parameters.observation.expected_imu_frame_id,"""""",source profile; not necessarily active
src/redrhex_rl_controller/config/redrhex_policy_locomotion_tune.yaml,redrhex_rl_controller.ros__parameters.observation.expected_imu_publisher_node,"""""",source profile; not necessarily active
src/redrhex_rl_controller/config/redrhex_policy_locomotion_tune.yaml,redrhex_rl_controller.ros__parameters.observation.imu_policy_to_sensor_quaternion_xyzw,"[0.0, 0.0, 0.0, 1.0]",source profile; not necessarily active
src/redrhex_rl_controller/config/redrhex_policy_locomotion_tune.yaml,redrhex_rl_controller.ros__parameters.observation.imu_upright_quaternion_xyzw,"[0.7071067811865476, 0.0, 0.0, 0.7071067811865476]",source profile; not necessarily active
src/redrhex_rl_controller/config/redrhex_policy_locomotion_tune.yaml,redrhex_rl_controller.ros__parameters.observation.base_lin_vel_source,"""zero""",source profile; not necessarily active
src/redrhex_rl_controller/config/redrhex_policy_locomotion_tune.yaml,redrhex_rl_controller.ros__parameters.observation.odom_twist_in_body_frame,true,source profile; not necessarily active
src/redrhex_rl_controller/config/redrhex_policy_locomotion_tune.yaml,redrhex_rl_controller.ros__parameters.observation.abad_feedback_source,"""commanded""",source profile; not necessarily active
src/redrhex_rl_controller/config/redrhex_policy_locomotion_tune.yaml,redrhex_rl_controller.ros__parameters.observation.estimate_missing_joint_velocity,true,source profile; not necessarily active
src/redrhex_rl_controller/config/redrhex_policy_locomotion_tune.yaml,redrhex_rl_controller.ros__parameters.observation.policy_history_length,5,source profile; not necessarily active
src/redrhex_rl_controller/config/redrhex_policy_locomotion_tune.yaml,redrhex_rl_controller.ros__parameters.observation.observation_clip,100.0,source profile; not necessarily active
src/redrhex_rl_controller/config/redrhex_policy_locomotion_tune.yaml,redrhex_rl_controller.ros__parameters.observation.require_imu_source_stamp,false,source profile; not necessarily active
src/redrhex_rl_controller/config/redrhex_policy_locomotion_tune.yaml,redrhex_rl_controller.ros__parameters.observation.max_imu_source_age_s,0.1,source profile; not necessarily active
src/redrhex_rl_controller/config/redrhex_policy_locomotion_tune.yaml,redrhex_rl_controller.ros__parameters.observation.max_imu_future_skew_s,0.02,source profile; not necessarily active
src/redrhex_rl_controller/config/redrhex_policy_locomotion_tune.yaml,redrhex_rl_controller.ros__parameters.observation.disabled_leg_observation_mode,"""passthrough""",source profile; not necessarily active
src/redrhex_rl_controller/config/redrhex_policy_locomotion_tune.yaml,redrhex_rl_controller.ros__parameters.state_machine.enable_policy_on_start,false,source profile; not necessarily active
src/redrhex_rl_controller/config/redrhex_policy_locomotion_tune.yaml,redrhex_rl_controller.ros__parameters.state_machine.enable_motor_output_on_start,false,source profile; not necessarily active
src/redrhex_rl_controller/config/redrhex_policy_locomotion_tune.yaml,redrhex_rl_controller.ros__parameters.state_machine.init_stand_duration_s,2.0,source profile; not necessarily active
src/redrhex_rl_controller/config/redrhex_policy_locomotion_tune.yaml,redrhex_rl_controller.ros__parameters.state_machine.init_stand_timeout_s,12.0,source profile; not necessarily active
src/redrhex_rl_controller/config/redrhex_policy_locomotion_tune.yaml,redrhex_rl_controller.ros__parameters.state_machine.init_stand_position_tolerance_rad,0.12,source profile; not necessarily active
src/redrhex_rl_controller/config/redrhex_policy_locomotion_tune.yaml,redrhex_rl_controller.ros__parameters.state_machine.init_stand_velocity_tolerance_rad_s,0.25,source profile; not necessarily active
src/redrhex_rl_controller/config/redrhex_policy_locomotion_tune.yaml,redrhex_rl_controller.ros__parameters.state_machine.init_stand_stable_time_s,0.5,source profile; not necessarily active
src/redrhex_rl_controller/config/redrhex_policy_locomotion_tune.yaml,redrhex_rl_controller.ros__parameters.state_machine.output_enable_ack_timeout_s,0.15,source profile; not necessarily active
src/redrhex_rl_controller/config/redrhex_policy_locomotion_tune.yaml,redrhex_rl_controller.ros__parameters.state_machine.policy_run_max_duration_s,0.0,source profile; not necessarily active
src/redrhex_rl_controller/config/redrhex_policy_locomotion_tune.yaml,redrhex_rl_controller.ros__parameters.state_machine.warmup_duration_s,1.0,source profile; not necessarily active
src/redrhex_rl_controller/config/redrhex_policy_locomotion_tune.yaml,redrhex_rl_controller.ros__parameters.safety.max_abs_roll_rad,0.6,source profile; not necessarily active
src/redrhex_rl_controller/config/redrhex_policy_locomotion_tune.yaml,redrhex_rl_controller.ros__parameters.safety.max_abs_pitch_rad,0.6,source profile; not necessarily active
src/redrhex_rl_controller/config/redrhex_policy_locomotion_tune.yaml,redrhex_rl_controller.ros__parameters.safety.cmd_timeout_s,0.25,source profile; not necessarily active
src/redrhex_rl_controller/config/redrhex_policy_locomotion_tune.yaml,redrhex_rl_controller.ros__parameters.safety.sensor_timeout_s,0.1,source profile; not necessarily active
src/redrhex_rl_controller/config/redrhex_policy_locomotion_tune.yaml,redrhex_rl_controller.ros__parameters.safety.motor_feedback_timeout_s,0.25,source profile; not necessarily active
src/redrhex_rl_controller/config/redrhex_policy_locomotion_tune.yaml,redrhex_rl_controller.ros__parameters.safety.heartbeat_timeout_s,0.15,source profile; not necessarily active
src/redrhex_rl_controller/config/redrhex_policy_locomotion_tune.yaml,redrhex_rl_controller.ros__parameters.safety.require_motor_feedback,true,source profile; not necessarily active
src/redrhex_rl_controller/config/redrhex_policy_locomotion_tune.yaml,redrhex_rl_controller.ros__parameters.safety.require_lowlevel_heartbeat,true,source profile; not necessarily active
src/redrhex_rl_controller/config/redrhex_policy_locomotion_tune.yaml,redrhex_rl_controller.ros__parameters.safety.action_clip,0.7,source profile; not necessarily active
src/redrhex_rl_controller/config/redrhex_policy_locomotion_tune.yaml,redrhex_rl_controller.ros__parameters.safety.max_raw_action_abs,1.5,source profile; not necessarily active
src/redrhex_rl_controller/config/redrhex_policy_locomotion_tune.yaml,redrhex_rl_controller.ros__parameters.safety.main_drive_vel_limit_rad_s,8.0,source profile; not necessarily active
src/redrhex_rl_controller/config/redrhex_policy_locomotion_tune.yaml,redrhex_rl_controller.ros__parameters.safety.max_measured_main_drive_velocity_rad_s,12.0,source profile; not necessarily active
src/redrhex_rl_controller/config/redrhex_policy_locomotion_tune.yaml,redrhex_rl_controller.ros__parameters.safety.abad_pos_limit_rad,0.45,source profile; not necessarily active
src/redrhex_rl_controller/config/redrhex_policy_locomotion_tune.yaml,redrhex_rl_controller.ros__parameters.safety.max_motor_temperature_c,60.0,source profile; not necessarily active
src/redrhex_rl_controller/config/redrhex_policy_locomotion_tune.yaml,redrhex_rl_controller.ros__parameters.safety.max_motor_current_a,8.0,source profile; not necessarily active
src/redrhex_rl_controller/config/redrhex_policy_locomotion_tune.yaml,redrhex_rl_controller.ros__parameters.safety.max_control_loop_dt_s,0.03,source profile; not necessarily active
src/redrhex_rl_controller/config/redrhex_policy_locomotion_tune.yaml,redrhex_rl_controller.ros__parameters.safety.max_inference_duration_s,0.008,source profile; not necessarily active
src/redrhex_rl_controller/config/redrhex_policy_locomotion_tune.yaml,redrhex_rl_controller.ros__parameters.safety.motor_current_trip_samples,5,source profile; not necessarily active
src/redrhex_rl_controller/config/redrhex_policy_locomotion_tune.yaml,redrhex_rl_controller.ros__parameters.safety.control_loop_trip_samples,3,source profile; not necessarily active
src/redrhex_rl_controller/config/redrhex_policy_locomotion_tune.yaml,redrhex_rl_controller.ros__parameters.safety.inference_trip_samples,3,source profile; not necessarily active
src/redrhex_rl_controller/config/redrhex_policy_locomotion_tune.yaml,redrhex_rl_controller.ros__parameters.safety.main_drive_slew_rate_rad_s2,45.0,source profile; not necessarily active
src/redrhex_rl_controller/config/redrhex_policy_locomotion_tune.yaml,redrhex_rl_controller.ros__parameters.safety.abad_slew_rate_rad_s,2.5,source profile; not necessarily active
src/redrhex_rl_controller/config/redrhex_policy_locomotion_tune.yaml,redrhex_rl_controller.ros__parameters.action.hardware_mapping_calibrated,false,source profile; not necessarily active
src/redrhex_rl_controller/config/redrhex_policy_locomotion_tune.yaml,redrhex_rl_controller.ros__parameters.action.play_forward_compat_enable,false,source profile; not necessarily active
src/redrhex_rl_controller/config/redrhex_policy_locomotion_tune.yaml,redrhex_rl_controller.ros__parameters.action.play_forward_compat_bias_scale,1.0,source profile; not necessarily active
src/redrhex_rl_controller/config/redrhex_policy_locomotion_tune.yaml,redrhex_rl_controller.ros__parameters.action.play_forward_compat_residual_scale,0.04,source profile; not necessarily active
src/redrhex_rl_controller/config/redrhex_policy_locomotion_tune.yaml,redrhex_rl_controller.ros__parameters.action.play_forward_compat_residual_clip,0.3,source profile; not necessarily active
src/redrhex_rl_controller/config/redrhex_policy_locomotion_tune.yaml,redrhex_rl_controller.ros__parameters.action.include_damper_command,false,source profile; not necessarily active
src/redrhex_rl_controller/config/redrhex_policy_locomotion_tune.yaml,redrhex_rl_controller.ros__parameters.action.main_drive_init_control_mode,"""velocity_to_pose""",source profile; not necessarily active
src/redrhex_rl_controller/config/redrhex_policy_locomotion_tune.yaml,redrhex_rl_controller.ros__parameters.action.init_stand_main_drive_position_gain,2.0,source profile; not necessarily active
src/redrhex_rl_controller/config/redrhex_policy_locomotion_tune.yaml,redrhex_rl_controller.ros__parameters.action.init_stand_max_main_drive_vel_rad_s,0.8,source profile; not necessarily active
src/redrhex_rl_controller/config/redrhex_policy_locomotion_tune.yaml,redrhex_rl_controller.ros__parameters.action.main_drive_sign,"[1.0, 1.0, 1.0, 1.0, 1.0, 1.0]",source profile; not necessarily active
src/redrhex_rl_controller/config/redrhex_policy_locomotion_tune.yaml,redrhex_rl_controller.ros__parameters.action.abad_sign,"[1.0, 1.0, 1.0, 1.0, 1.0, 1.0]",source profile; not necessarily active
src/redrhex_rl_controller/config/redrhex_policy_locomotion_tune.yaml,redrhex_rl_controller.ros__parameters.action.damper_sign,"[1.0, 1.0, 1.0, 1.0, 1.0, 1.0]",source profile; not necessarily active
src/redrhex_rl_controller/config/redrhex_policy_locomotion_tune.yaml,redrhex_rl_controller.ros__parameters.action.main_drive_zero_offset_rad,"[0.0, 0.0, 0.0, 0.0, 0.0, 0.0]",source profile; not necessarily active
src/redrhex_rl_controller/config/redrhex_policy_locomotion_tune.yaml,redrhex_rl_controller.ros__parameters.action.abad_zero_offset_rad,"[0.0, 0.0, 0.0, 0.0, 0.0, 0.0]",source profile; not necessarily active
src/redrhex_rl_controller/config/redrhex_policy_locomotion_tune.yaml,redrhex_rl_controller.ros__parameters.action.damper_zero_offset_rad,"[0.0, 0.0, 0.0, 0.0, 0.0, 0.0]",source profile; not necessarily active
src/redrhex_rl_controller/config/redrhex_policy_locomotion_tune.yaml,redrhex_rl_controller.ros__parameters.action.main_drive_kp,"[0.0, 0.0, 0.0, 0.0, 0.0, 0.0]",source profile; not necessarily active
src/redrhex_rl_controller/config/redrhex_policy_locomotion_tune.yaml,redrhex_rl_controller.ros__parameters.action.main_drive_kd,"[25.0, 25.0, 25.0, 25.0, 25.0, 25.0]",source profile; not necessarily active
src/redrhex_rl_controller/config/redrhex_policy_locomotion_tune.yaml,redrhex_rl_controller.ros__parameters.action.abad_kp,"[20.0, 20.0, 20.0, 20.0, 20.0, 20.0]",source profile; not necessarily active
src/redrhex_rl_controller/config/redrhex_policy_locomotion_tune.yaml,redrhex_rl_controller.ros__parameters.action.abad_kd,"[2.0, 2.0, 2.0, 2.0, 2.0, 2.0]",source profile; not necessarily active
src/redrhex_rl_controller/config/redrhex_policy_locomotion_tune.yaml,redrhex_rl_controller.ros__parameters.action.stand_main_drive_kp,"[6.0, 6.0, 6.0, 6.0, 6.0, 6.0]",source profile; not necessarily active
src/redrhex_rl_controller/config/redrhex_policy_locomotion_tune.yaml,redrhex_rl_controller.ros__parameters.action.stand_main_drive_kd,"[0.6, 0.6, 0.6, 0.6, 0.6, 0.6]",source profile; not necessarily active
src/redrhex_rl_controller/config/redrhex_policy_locomotion_tune.yaml,redrhex_rl_controller.ros__parameters.commands.profile,"""external_cmd_vel""",source profile; not necessarily active
src/redrhex_rl_controller/config/redrhex_policy_locomotion_tune.yaml,redrhex_rl_controller.ros__parameters.commands.fixed_forward_vx,0.22,source profile; not necessarily active
src/redrhex_rl_controller/config/redrhex_policy_locomotion_tune.yaml,redrhex_rl_controller.ros__parameters.commands.vx_min,0.0,source profile; not necessarily active
src/redrhex_rl_controller/config/redrhex_policy_locomotion_tune.yaml,redrhex_rl_controller.ros__parameters.commands.vx_max,0.35,source profile; not necessarily active
src/redrhex_rl_controller/config/redrhex_policy_locomotion_tune.yaml,redrhex_rl_controller.ros__parameters.commands.vy_min,-0.25,source profile; not necessarily active
src/redrhex_rl_controller/config/redrhex_policy_locomotion_tune.yaml,redrhex_rl_controller.ros__parameters.commands.vy_max,0.25,source profile; not necessarily active
src/redrhex_rl_controller/config/redrhex_policy_locomotion_tune.yaml,redrhex_rl_controller.ros__parameters.commands.wz_min,-0.4,source profile; not necessarily active
src/redrhex_rl_controller/config/redrhex_policy_locomotion_tune.yaml,redrhex_rl_controller.ros__parameters.commands.wz_max,0.4,source profile; not necessarily active
src/redrhex_rl_controller/config/redrhex_policy_encoder_only_rig.yaml,redrhex_rl_controller.ros__parameters.hardware.disabled_legs,[],source profile; not necessarily active
src/redrhex_rl_controller/config/redrhex_policy_encoder_only_rig.yaml,redrhex_rl_controller.ros__parameters.hardware.max_disabled_legs,1,source profile; not necessarily active
src/redrhex_rl_controller/config/redrhex_policy_encoder_only_rig.yaml,redrhex_rl_controller.ros__parameters.policy.onnx_path,"""/home/jetson/redrhex_models/policy.onnx""",source profile; not necessarily active
src/redrhex_rl_controller/config/redrhex_policy_encoder_only_rig.yaml,redrhex_rl_controller.ros__parameters.policy.use_cuda,false,source profile; not necessarily active
src/redrhex_rl_controller/config/redrhex_policy_encoder_only_rig.yaml,redrhex_rl_controller.ros__parameters.policy.use_tensorrt,false,source profile; not necessarily active
src/redrhex_rl_controller/config/redrhex_policy_encoder_only_rig.yaml,redrhex_rl_controller.ros__parameters.policy.expected_obs_dim,56,source profile; not necessarily active
src/redrhex_rl_controller/config/redrhex_policy_encoder_only_rig.yaml,redrhex_rl_controller.ros__parameters.policy.expected_action_dim,12,source profile; not necessarily active
src/redrhex_rl_controller/config/redrhex_policy_encoder_only_rig.yaml,redrhex_rl_controller.ros__parameters.policy.policy_hz,0.0,source profile; not necessarily active
src/redrhex_rl_controller/config/redrhex_policy_encoder_only_rig.yaml,redrhex_rl_controller.ros__parameters.policy.allow_history_dim,true,source profile; not necessarily active
src/redrhex_rl_controller/config/redrhex_policy_encoder_only_rig.yaml,redrhex_rl_controller.ros__parameters.policy.observation_contract,"""redrhex_obs56_v2_action_lag2""",source profile; not necessarily active
src/redrhex_rl_controller/config/redrhex_policy_encoder_only_rig.yaml,redrhex_rl_controller.ros__parameters.policy.action_contract,"""redrhex_stage5_residual_v1""",source profile; not necessarily active
src/redrhex_rl_controller/config/redrhex_policy_encoder_only_rig.yaml,redrhex_rl_controller.ros__parameters.policy.require_contract_metadata,true,source profile; not necessarily active
src/redrhex_rl_controller/config/redrhex_policy_encoder_only_rig.yaml,redrhex_rl_controller.ros__parameters.policy.expected_sha256,"""""",source profile; not necessarily active
src/redrhex_rl_controller/config/redrhex_policy_encoder_only_rig.yaml,redrhex_rl_controller.ros__parameters.policy.startup_action_abs_limit,1.5,source profile; not necessarily active
src/redrhex_rl_controller/config/redrhex_policy_encoder_only_rig.yaml,redrhex_rl_controller.ros__parameters.policy.expected_bridge_config_sha256,"""107506d0c3d069b514c017081716a9f7f4f3cf632239176fc50ed6f815e5241c""",source profile; not necessarily active
src/redrhex_rl_controller/config/redrhex_policy_encoder_only_rig.yaml,redrhex_rl_controller.ros__parameters.policy.max_inference_p99_ms,6.0,source profile; not necessarily active
src/redrhex_rl_controller/config/redrhex_policy_encoder_only_rig.yaml,redrhex_rl_controller.ros__parameters.policy.inference_benchmark_warmup_runs,20,source profile; not necessarily active
src/redrhex_rl_controller/config/redrhex_policy_encoder_only_rig.yaml,redrhex_rl_controller.ros__parameters.policy.inference_benchmark_runs,200,source profile; not necessarily active
src/redrhex_rl_controller/config/redrhex_policy_encoder_only_rig.yaml,redrhex_rl_controller.ros__parameters.observation.sensor_profile,"""encoder_only_rig""",source profile; not necessarily active
src/redrhex_rl_controller/config/redrhex_policy_encoder_only_rig.yaml,redrhex_rl_controller.ros__parameters.observation.encoder_only_rig_acknowledged,true,source profile; not necessarily active
src/redrhex_rl_controller/config/redrhex_policy_encoder_only_rig.yaml,redrhex_rl_controller.ros__parameters.observation.full_feedback_rig_acknowledged,false,source profile; not necessarily active
src/redrhex_rl_controller/config/redrhex_policy_encoder_only_rig.yaml,redrhex_rl_controller.ros__parameters.observation.rig_projected_gravity,"[0.0, -1.0, 0.0]",source profile; not necessarily active
src/redrhex_rl_controller/config/redrhex_policy_encoder_only_rig.yaml,redrhex_rl_controller.ros__parameters.observation.imu_alignment_calibrated,false,source profile; not necessarily active
src/redrhex_rl_controller/config/redrhex_policy_encoder_only_rig.yaml,redrhex_rl_controller.ros__parameters.observation.expected_imu_frame_id,"""""",source profile; not necessarily active
src/redrhex_rl_controller/config/redrhex_policy_encoder_only_rig.yaml,redrhex_rl_controller.ros__parameters.observation.expected_imu_publisher_node,"""""",source profile; not necessarily active
src/redrhex_rl_controller/config/redrhex_policy_encoder_only_rig.yaml,redrhex_rl_controller.ros__parameters.observation.imu_policy_to_sensor_quaternion_xyzw,"[0.0, 0.0, 0.0, 1.0]",source profile; not necessarily active
src/redrhex_rl_controller/config/redrhex_policy_encoder_only_rig.yaml,redrhex_rl_controller.ros__parameters.observation.imu_upright_quaternion_xyzw,"[0.7071067811865476, 0.0, 0.0, 0.7071067811865476]",source profile; not necessarily active
src/redrhex_rl_controller/config/redrhex_policy_encoder_only_rig.yaml,redrhex_rl_controller.ros__parameters.observation.base_lin_vel_source,"""zero""",source profile; not necessarily active
src/redrhex_rl_controller/config/redrhex_policy_encoder_only_rig.yaml,redrhex_rl_controller.ros__parameters.observation.odom_twist_in_body_frame,true,source profile; not necessarily active
src/redrhex_rl_controller/config/redrhex_policy_encoder_only_rig.yaml,redrhex_rl_controller.ros__parameters.observation.abad_feedback_source,"""commanded""",source profile; not necessarily active
src/redrhex_rl_controller/config/redrhex_policy_encoder_only_rig.yaml,redrhex_rl_controller.ros__parameters.observation.estimate_missing_joint_velocity,true,source profile; not necessarily active
src/redrhex_rl_controller/config/redrhex_policy_encoder_only_rig.yaml,redrhex_rl_controller.ros__parameters.observation.policy_history_length,5,source profile; not necessarily active
src/redrhex_rl_controller/config/redrhex_policy_encoder_only_rig.yaml,redrhex_rl_controller.ros__parameters.observation.observation_clip,100.0,source profile; not necessarily active
src/redrhex_rl_controller/config/redrhex_policy_encoder_only_rig.yaml,redrhex_rl_controller.ros__parameters.observation.require_imu_source_stamp,false,source profile; not necessarily active
src/redrhex_rl_controller/config/redrhex_policy_encoder_only_rig.yaml,redrhex_rl_controller.ros__parameters.observation.max_imu_source_age_s,0.1,source profile; not necessarily active
src/redrhex_rl_controller/config/redrhex_policy_encoder_only_rig.yaml,redrhex_rl_controller.ros__parameters.observation.max_imu_future_skew_s,0.02,source profile; not necessarily active
src/redrhex_rl_controller/config/redrhex_policy_encoder_only_rig.yaml,redrhex_rl_controller.ros__parameters.observation.disabled_leg_observation_mode,"""nominal""",source profile; not necessarily active
src/redrhex_rl_controller/config/redrhex_policy_encoder_only_rig.yaml,redrhex_rl_controller.ros__parameters.state_machine.enable_policy_on_start,false,source profile; not necessarily active
src/redrhex_rl_controller/config/redrhex_policy_encoder_only_rig.yaml,redrhex_rl_controller.ros__parameters.state_machine.enable_motor_output_on_start,false,source profile; not necessarily active
src/redrhex_rl_controller/config/redrhex_policy_encoder_only_rig.yaml,redrhex_rl_controller.ros__parameters.state_machine.init_stand_duration_s,2.0,source profile; not necessarily active
src/redrhex_rl_controller/config/redrhex_policy_encoder_only_rig.yaml,redrhex_rl_controller.ros__parameters.state_machine.init_stand_timeout_s,30.0,source profile; not necessarily active
src/redrhex_rl_controller/config/redrhex_policy_encoder_only_rig.yaml,redrhex_rl_controller.ros__parameters.state_machine.init_stand_position_tolerance_rad,0.12,source profile; not necessarily active
src/redrhex_rl_controller/config/redrhex_policy_encoder_only_rig.yaml,redrhex_rl_controller.ros__parameters.state_machine.init_stand_velocity_tolerance_rad_s,0.25,source profile; not necessarily active
src/redrhex_rl_controller/config/redrhex_policy_encoder_only_rig.yaml,redrhex_rl_controller.ros__parameters.state_machine.init_stand_stable_time_s,0.5,source profile; not necessarily active
src/redrhex_rl_controller/config/redrhex_policy_encoder_only_rig.yaml,redrhex_rl_controller.ros__parameters.state_machine.output_enable_ack_timeout_s,0.15,source profile; not necessarily active
src/redrhex_rl_controller/config/redrhex_policy_encoder_only_rig.yaml,redrhex_rl_controller.ros__parameters.state_machine.policy_run_max_duration_s,60.0,source profile; not necessarily active
src/redrhex_rl_controller/config/redrhex_policy_encoder_only_rig.yaml,redrhex_rl_controller.ros__parameters.state_machine.warmup_duration_s,1.0,source profile; not necessarily active
src/redrhex_rl_controller/config/redrhex_policy_encoder_only_rig.yaml,redrhex_rl_controller.ros__parameters.safety.max_abs_roll_rad,0.45,source profile; not necessarily active
src/redrhex_rl_controller/config/redrhex_policy_encoder_only_rig.yaml,redrhex_rl_controller.ros__parameters.safety.max_abs_pitch_rad,0.45,source profile; not necessarily active
src/redrhex_rl_controller/config/redrhex_policy_encoder_only_rig.yaml,redrhex_rl_controller.ros__parameters.safety.cmd_timeout_s,0.25,source profile; not necessarily active
src/redrhex_rl_controller/config/redrhex_policy_encoder_only_rig.yaml,redrhex_rl_controller.ros__parameters.safety.sensor_timeout_s,0.1,source profile; not necessarily active
src/redrhex_rl_controller/config/redrhex_policy_encoder_only_rig.yaml,redrhex_rl_controller.ros__parameters.safety.motor_feedback_timeout_s,0.25,source profile; not necessarily active
src/redrhex_rl_controller/config/redrhex_policy_encoder_only_rig.yaml,redrhex_rl_controller.ros__parameters.safety.heartbeat_timeout_s,0.15,source profile; not necessarily active
src/redrhex_rl_controller/config/redrhex_policy_encoder_only_rig.yaml,redrhex_rl_controller.ros__parameters.safety.require_motor_feedback,true,source profile; not necessarily active
src/redrhex_rl_controller/config/redrhex_policy_encoder_only_rig.yaml,redrhex_rl_controller.ros__parameters.safety.require_lowlevel_heartbeat,true,source profile; not necessarily active
src/redrhex_rl_controller/config/redrhex_policy_encoder_only_rig.yaml,redrhex_rl_controller.ros__parameters.safety.action_clip,0.35,source profile; not necessarily active
src/redrhex_rl_controller/config/redrhex_policy_encoder_only_rig.yaml,redrhex_rl_controller.ros__parameters.safety.max_raw_action_abs,1.5,source profile; not necessarily active
src/redrhex_rl_controller/config/redrhex_policy_encoder_only_rig.yaml,redrhex_rl_controller.ros__parameters.safety.main_drive_vel_limit_rad_s,1.0,source profile; not necessarily active
src/redrhex_rl_controller/config/redrhex_policy_encoder_only_rig.yaml,redrhex_rl_controller.ros__parameters.safety.max_measured_main_drive_velocity_rad_s,4.0,source profile; not necessarily active
src/redrhex_rl_controller/config/redrhex_policy_encoder_only_rig.yaml,redrhex_rl_controller.ros__parameters.safety.abad_pos_limit_rad,0.18,source profile; not necessarily active
src/redrhex_rl_controller/config/redrhex_policy_encoder_only_rig.yaml,redrhex_rl_controller.ros__parameters.safety.max_motor_temperature_c,55.0,source profile; not necessarily active
src/redrhex_rl_controller/config/redrhex_policy_encoder_only_rig.yaml,redrhex_rl_controller.ros__parameters.safety.max_motor_current_a,5.0,source profile; not necessarily active
src/redrhex_rl_controller/config/redrhex_policy_encoder_only_rig.yaml,redrhex_rl_controller.ros__parameters.safety.max_control_loop_dt_s,0.03,source profile; not necessarily active
src/redrhex_rl_controller/config/redrhex_policy_encoder_only_rig.yaml,redrhex_rl_controller.ros__parameters.safety.max_inference_duration_s,0.016,source profile; not necessarily active
src/redrhex_rl_controller/config/redrhex_policy_encoder_only_rig.yaml,redrhex_rl_controller.ros__parameters.safety.motor_current_trip_samples,10,source profile; not necessarily active
src/redrhex_rl_controller/config/redrhex_policy_encoder_only_rig.yaml,redrhex_rl_controller.ros__parameters.safety.control_loop_trip_samples,3,source profile; not necessarily active
src/redrhex_rl_controller/config/redrhex_policy_encoder_only_rig.yaml,redrhex_rl_controller.ros__parameters.safety.inference_trip_samples,3,source profile; not necessarily active
src/redrhex_rl_controller/config/redrhex_policy_encoder_only_rig.yaml,redrhex_rl_controller.ros__parameters.safety.main_drive_slew_rate_rad_s2,12.0,source profile; not necessarily active
src/redrhex_rl_controller/config/redrhex_policy_encoder_only_rig.yaml,redrhex_rl_controller.ros__parameters.safety.abad_slew_rate_rad_s,1.0,source profile; not necessarily active
src/redrhex_rl_controller/config/redrhex_policy_encoder_only_rig.yaml,redrhex_rl_controller.ros__parameters.action.hardware_mapping_calibrated,false,source profile; not necessarily active
src/redrhex_rl_controller/config/redrhex_policy_encoder_only_rig.yaml,redrhex_rl_controller.ros__parameters.action.play_forward_compat_enable,true,source profile; not necessarily active
src/redrhex_rl_controller/config/redrhex_policy_encoder_only_rig.yaml,redrhex_rl_controller.ros__parameters.action.play_forward_compat_bias_scale,1.0,source profile; not necessarily active
src/redrhex_rl_controller/config/redrhex_policy_encoder_only_rig.yaml,redrhex_rl_controller.ros__parameters.action.play_forward_compat_residual_scale,0.04,source profile; not necessarily active
src/redrhex_rl_controller/config/redrhex_policy_encoder_only_rig.yaml,redrhex_rl_controller.ros__parameters.action.play_forward_compat_residual_clip,0.3,source profile; not necessarily active
src/redrhex_rl_controller/config/redrhex_policy_encoder_only_rig.yaml,redrhex_rl_controller.ros__parameters.action.include_damper_command,false,source profile; not necessarily active
src/redrhex_rl_controller/config/redrhex_policy_encoder_only_rig.yaml,redrhex_rl_controller.ros__parameters.action.main_drive_init_control_mode,"""velocity_to_pose""",source profile; not necessarily active
src/redrhex_rl_controller/config/redrhex_policy_encoder_only_rig.yaml,redrhex_rl_controller.ros__parameters.action.init_stand_main_drive_position_gain,1.2,source profile; not necessarily active
src/redrhex_rl_controller/config/redrhex_policy_encoder_only_rig.yaml,redrhex_rl_controller.ros__parameters.action.init_stand_max_main_drive_vel_rad_s,0.35,source profile; not necessarily active
src/redrhex_rl_controller/config/redrhex_policy_encoder_only_rig.yaml,redrhex_rl_controller.ros__parameters.action.main_drive_sign,"[1.0, 1.0, 1.0, 1.0, 1.0, 1.0]",source profile; not necessarily active
src/redrhex_rl_controller/config/redrhex_policy_encoder_only_rig.yaml,redrhex_rl_controller.ros__parameters.action.abad_sign,"[1.0, 1.0, 1.0, 1.0, 1.0, 1.0]",source profile; not necessarily active
src/redrhex_rl_controller/config/redrhex_policy_encoder_only_rig.yaml,redrhex_rl_controller.ros__parameters.action.damper_sign,"[1.0, 1.0, 1.0, 1.0, 1.0, 1.0]",source profile; not necessarily active
src/redrhex_rl_controller/config/redrhex_policy_encoder_only_rig.yaml,redrhex_rl_controller.ros__parameters.action.main_drive_zero_offset_rad,"[0.0, 0.0, 0.0, 0.0, 0.0, 0.0]",source profile; not necessarily active
src/redrhex_rl_controller/config/redrhex_policy_encoder_only_rig.yaml,redrhex_rl_controller.ros__parameters.action.abad_zero_offset_rad,"[0.0, 0.0, 0.0, 0.0, 0.0, 0.0]",source profile; not necessarily active
src/redrhex_rl_controller/config/redrhex_policy_encoder_only_rig.yaml,redrhex_rl_controller.ros__parameters.action.damper_zero_offset_rad,"[0.0, 0.0, 0.0, 0.0, 0.0, 0.0]",source profile; not necessarily active
src/redrhex_rl_controller/config/redrhex_policy_encoder_only_rig.yaml,redrhex_rl_controller.ros__parameters.action.main_drive_kp,"[0.0, 0.0, 0.0, 0.0, 0.0, 0.0]",source profile; not necessarily active
src/redrhex_rl_controller/config/redrhex_policy_encoder_only_rig.yaml,redrhex_rl_controller.ros__parameters.action.main_drive_kd,"[10.0, 10.0, 10.0, 10.0, 10.0, 10.0]",source profile; not necessarily active
src/redrhex_rl_controller/config/redrhex_policy_encoder_only_rig.yaml,redrhex_rl_controller.ros__parameters.action.abad_kp,"[8.0, 8.0, 8.0, 8.0, 8.0, 8.0]",source profile; not necessarily active
src/redrhex_rl_controller/config/redrhex_policy_encoder_only_rig.yaml,redrhex_rl_controller.ros__parameters.action.abad_kd,"[0.8, 0.8, 0.8, 0.8, 0.8, 0.8]",source profile; not necessarily active
src/redrhex_rl_controller/config/redrhex_policy_encoder_only_rig.yaml,redrhex_rl_controller.ros__parameters.action.stand_main_drive_kp,"[3.0, 3.0, 3.0, 3.0, 3.0, 3.0]",source profile; not necessarily active
src/redrhex_rl_controller/config/redrhex_policy_encoder_only_rig.yaml,redrhex_rl_controller.ros__parameters.action.stand_main_drive_kd,"[0.3, 0.3, 0.3, 0.3, 0.3, 0.3]",source profile; not necessarily active
src/redrhex_rl_controller/config/redrhex_policy_encoder_only_rig.yaml,redrhex_rl_controller.ros__parameters.commands.profile,"""fixed_forward""",source profile; not necessarily active
src/redrhex_rl_controller/config/redrhex_policy_encoder_only_rig.yaml,redrhex_rl_controller.ros__parameters.commands.fixed_forward_vx,0.22,source profile; not necessarily active
src/redrhex_rl_controller/config/redrhex_policy_encoder_only_rig.yaml,redrhex_rl_controller.ros__parameters.commands.vx_min,0.0,source profile; not necessarily active
src/redrhex_rl_controller/config/redrhex_policy_encoder_only_rig.yaml,redrhex_rl_controller.ros__parameters.commands.vx_max,0.22,source profile; not necessarily active
src/redrhex_rl_controller/config/redrhex_policy_encoder_only_rig.yaml,redrhex_rl_controller.ros__parameters.commands.vy_min,-0.14,source profile; not necessarily active
src/redrhex_rl_controller/config/redrhex_policy_encoder_only_rig.yaml,redrhex_rl_controller.ros__parameters.commands.vy_max,0.14,source profile; not necessarily active
src/redrhex_rl_controller/config/redrhex_policy_encoder_only_rig.yaml,redrhex_rl_controller.ros__parameters.commands.wz_min,-0.17,source profile; not necessarily active
src/redrhex_rl_controller/config/redrhex_policy_encoder_only_rig.yaml,redrhex_rl_controller.ros__parameters.commands.wz_max,0.17,source profile; not necessarily active
src/redrhex_rl_controller/config/redrhex_policy_bench_safe.yaml,redrhex_rl_controller.ros__parameters.hardware.disabled_legs,[],source profile; not necessarily active
src/redrhex_rl_controller/config/redrhex_policy_bench_safe.yaml,redrhex_rl_controller.ros__parameters.hardware.max_disabled_legs,1,source profile; not necessarily active
src/redrhex_rl_controller/config/redrhex_policy_bench_safe.yaml,redrhex_rl_controller.ros__parameters.policy.onnx_path,"""/home/jetson/redrhex_models/policy.onnx""",source profile; not necessarily active
src/redrhex_rl_controller/config/redrhex_policy_bench_safe.yaml,redrhex_rl_controller.ros__parameters.policy.use_cuda,false,source profile; not necessarily active
src/redrhex_rl_controller/config/redrhex_policy_bench_safe.yaml,redrhex_rl_controller.ros__parameters.policy.use_tensorrt,false,source profile; not necessarily active
src/redrhex_rl_controller/config/redrhex_policy_bench_safe.yaml,redrhex_rl_controller.ros__parameters.policy.expected_obs_dim,56,source profile; not necessarily active
src/redrhex_rl_controller/config/redrhex_policy_bench_safe.yaml,redrhex_rl_controller.ros__parameters.policy.expected_action_dim,12,source profile; not necessarily active
src/redrhex_rl_controller/config/redrhex_policy_bench_safe.yaml,redrhex_rl_controller.ros__parameters.policy.policy_hz,0.0,source profile; not necessarily active
src/redrhex_rl_controller/config/redrhex_policy_bench_safe.yaml,redrhex_rl_controller.ros__parameters.policy.allow_history_dim,true,source profile; not necessarily active
src/redrhex_rl_controller/config/redrhex_policy_bench_safe.yaml,redrhex_rl_controller.ros__parameters.policy.observation_contract,"""redrhex_obs56_v2_action_lag2""",source profile; not necessarily active
src/redrhex_rl_controller/config/redrhex_policy_bench_safe.yaml,redrhex_rl_controller.ros__parameters.policy.action_contract,"""redrhex_stage5_residual_v1""",source profile; not necessarily active
src/redrhex_rl_controller/config/redrhex_policy_bench_safe.yaml,redrhex_rl_controller.ros__parameters.policy.require_contract_metadata,false,source profile; not necessarily active
src/redrhex_rl_controller/config/redrhex_policy_bench_safe.yaml,redrhex_rl_controller.ros__parameters.policy.expected_sha256,"""""",source profile; not necessarily active
src/redrhex_rl_controller/config/redrhex_policy_bench_safe.yaml,redrhex_rl_controller.ros__parameters.policy.startup_action_abs_limit,1.5,source profile; not necessarily active
src/redrhex_rl_controller/config/redrhex_policy_bench_safe.yaml,redrhex_rl_controller.ros__parameters.policy.expected_bridge_config_sha256,"""""",source profile; not necessarily active
src/redrhex_rl_controller/config/redrhex_policy_bench_safe.yaml,redrhex_rl_controller.ros__parameters.policy.max_inference_p99_ms,6.0,source profile; not necessarily active
src/redrhex_rl_controller/config/redrhex_policy_bench_safe.yaml,redrhex_rl_controller.ros__parameters.policy.inference_benchmark_warmup_runs,20,source profile; not necessarily active
src/redrhex_rl_controller/config/redrhex_policy_bench_safe.yaml,redrhex_rl_controller.ros__parameters.policy.inference_benchmark_runs,200,source profile; not necessarily active
src/redrhex_rl_controller/config/redrhex_policy_bench_safe.yaml,redrhex_rl_controller.ros__parameters.observation.sensor_profile,"""full_state""",source profile; not necessarily active
src/redrhex_rl_controller/config/redrhex_policy_bench_safe.yaml,redrhex_rl_controller.ros__parameters.observation.encoder_only_rig_acknowledged,false,source profile; not necessarily active
src/redrhex_rl_controller/config/redrhex_policy_bench_safe.yaml,redrhex_rl_controller.ros__parameters.observation.full_feedback_rig_acknowledged,false,source profile; not necessarily active
src/redrhex_rl_controller/config/redrhex_policy_bench_safe.yaml,redrhex_rl_controller.ros__parameters.observation.rig_projected_gravity,"[0.0, -1.0, 0.0]",source profile; not necessarily active
src/redrhex_rl_controller/config/redrhex_policy_bench_safe.yaml,redrhex_rl_controller.ros__parameters.observation.imu_alignment_calibrated,false,source profile; not necessarily active
src/redrhex_rl_controller/config/redrhex_policy_bench_safe.yaml,redrhex_rl_controller.ros__parameters.observation.expected_imu_frame_id,"""""",source profile; not necessarily active
src/redrhex_rl_controller/config/redrhex_policy_bench_safe.yaml,redrhex_rl_controller.ros__parameters.observation.expected_imu_publisher_node,"""""",source profile; not necessarily active
src/redrhex_rl_controller/config/redrhex_policy_bench_safe.yaml,redrhex_rl_controller.ros__parameters.observation.imu_policy_to_sensor_quaternion_xyzw,"[0.0, 0.0, 0.0, 1.0]",source profile; not necessarily active
src/redrhex_rl_controller/config/redrhex_policy_bench_safe.yaml,redrhex_rl_controller.ros__parameters.observation.imu_upright_quaternion_xyzw,"[0.7071067811865476, 0.0, 0.0, 0.7071067811865476]",source profile; not necessarily active
src/redrhex_rl_controller/config/redrhex_policy_bench_safe.yaml,redrhex_rl_controller.ros__parameters.observation.base_lin_vel_source,"""zero""",source profile; not necessarily active
src/redrhex_rl_controller/config/redrhex_policy_bench_safe.yaml,redrhex_rl_controller.ros__parameters.observation.odom_twist_in_body_frame,true,source profile; not necessarily active
src/redrhex_rl_controller/config/redrhex_policy_bench_safe.yaml,redrhex_rl_controller.ros__parameters.observation.abad_feedback_source,"""commanded""",source profile; not necessarily active
src/redrhex_rl_controller/config/redrhex_policy_bench_safe.yaml,redrhex_rl_controller.ros__parameters.observation.estimate_missing_joint_velocity,true,source profile; not necessarily active
src/redrhex_rl_controller/config/redrhex_policy_bench_safe.yaml,redrhex_rl_controller.ros__parameters.observation.policy_history_length,5,source profile; not necessarily active
src/redrhex_rl_controller/config/redrhex_policy_bench_safe.yaml,redrhex_rl_controller.ros__parameters.observation.observation_clip,100.0,source profile; not necessarily active
src/redrhex_rl_controller/config/redrhex_policy_bench_safe.yaml,redrhex_rl_controller.ros__parameters.observation.require_imu_source_stamp,false,source profile; not necessarily active
src/redrhex_rl_controller/config/redrhex_policy_bench_safe.yaml,redrhex_rl_controller.ros__parameters.observation.max_imu_source_age_s,0.1,source profile; not necessarily active
src/redrhex_rl_controller/config/redrhex_policy_bench_safe.yaml,redrhex_rl_controller.ros__parameters.observation.max_imu_future_skew_s,0.02,source profile; not necessarily active
src/redrhex_rl_controller/config/redrhex_policy_bench_safe.yaml,redrhex_rl_controller.ros__parameters.observation.disabled_leg_observation_mode,"""passthrough""",source profile; not necessarily active
src/redrhex_rl_controller/config/redrhex_policy_bench_safe.yaml,redrhex_rl_controller.ros__parameters.state_machine.enable_policy_on_start,false,source profile; not necessarily active
src/redrhex_rl_controller/config/redrhex_policy_bench_safe.yaml,redrhex_rl_controller.ros__parameters.state_machine.enable_motor_output_on_start,false,source profile; not necessarily active
src/redrhex_rl_controller/config/redrhex_policy_bench_safe.yaml,redrhex_rl_controller.ros__parameters.state_machine.init_stand_duration_s,2.0,source profile; not necessarily active
src/redrhex_rl_controller/config/redrhex_policy_bench_safe.yaml,redrhex_rl_controller.ros__parameters.state_machine.init_stand_timeout_s,12.0,source profile; not necessarily active
src/redrhex_rl_controller/config/redrhex_policy_bench_safe.yaml,redrhex_rl_controller.ros__parameters.state_machine.init_stand_position_tolerance_rad,0.12,source profile; not necessarily active
src/redrhex_rl_controller/config/redrhex_policy_bench_safe.yaml,redrhex_rl_controller.ros__parameters.state_machine.init_stand_velocity_tolerance_rad_s,0.25,source profile; not necessarily active
src/redrhex_rl_controller/config/redrhex_policy_bench_safe.yaml,redrhex_rl_controller.ros__parameters.state_machine.init_stand_stable_time_s,0.5,source profile; not necessarily active
src/redrhex_rl_controller/config/redrhex_policy_bench_safe.yaml,redrhex_rl_controller.ros__parameters.state_machine.output_enable_ack_timeout_s,0.15,source profile; not necessarily active
src/redrhex_rl_controller/config/redrhex_policy_bench_safe.yaml,redrhex_rl_controller.ros__parameters.state_machine.policy_run_max_duration_s,0.0,source profile; not necessarily active
src/redrhex_rl_controller/config/redrhex_policy_bench_safe.yaml,redrhex_rl_controller.ros__parameters.state_machine.warmup_duration_s,1.0,source profile; not necessarily active
src/redrhex_rl_controller/config/redrhex_policy_bench_safe.yaml,redrhex_rl_controller.ros__parameters.safety.max_abs_roll_rad,0.45,source profile; not necessarily active
src/redrhex_rl_controller/config/redrhex_policy_bench_safe.yaml,redrhex_rl_controller.ros__parameters.safety.max_abs_pitch_rad,0.45,source profile; not necessarily active
src/redrhex_rl_controller/config/redrhex_policy_bench_safe.yaml,redrhex_rl_controller.ros__parameters.safety.cmd_timeout_s,0.25,source profile; not necessarily active
src/redrhex_rl_controller/config/redrhex_policy_bench_safe.yaml,redrhex_rl_controller.ros__parameters.safety.sensor_timeout_s,0.1,source profile; not necessarily active
src/redrhex_rl_controller/config/redrhex_policy_bench_safe.yaml,redrhex_rl_controller.ros__parameters.safety.motor_feedback_timeout_s,0.25,source profile; not necessarily active
src/redrhex_rl_controller/config/redrhex_policy_bench_safe.yaml,redrhex_rl_controller.ros__parameters.safety.heartbeat_timeout_s,0.15,source profile; not necessarily active
src/redrhex_rl_controller/config/redrhex_policy_bench_safe.yaml,redrhex_rl_controller.ros__parameters.safety.require_motor_feedback,true,source profile; not necessarily active
src/redrhex_rl_controller/config/redrhex_policy_bench_safe.yaml,redrhex_rl_controller.ros__parameters.safety.require_lowlevel_heartbeat,true,source profile; not necessarily active
src/redrhex_rl_controller/config/redrhex_policy_bench_safe.yaml,redrhex_rl_controller.ros__parameters.safety.action_clip,0.35,source profile; not necessarily active
src/redrhex_rl_controller/config/redrhex_policy_bench_safe.yaml,redrhex_rl_controller.ros__parameters.safety.max_raw_action_abs,1.5,source profile; not necessarily active
src/redrhex_rl_controller/config/redrhex_policy_bench_safe.yaml,redrhex_rl_controller.ros__parameters.safety.main_drive_vel_limit_rad_s,1.0,source profile; not necessarily active
src/redrhex_rl_controller/config/redrhex_policy_bench_safe.yaml,redrhex_rl_controller.ros__parameters.safety.max_measured_main_drive_velocity_rad_s,2.0,source profile; not necessarily active
src/redrhex_rl_controller/config/redrhex_policy_bench_safe.yaml,redrhex_rl_controller.ros__parameters.safety.abad_pos_limit_rad,0.18,source profile; not necessarily active
src/redrhex_rl_controller/config/redrhex_policy_bench_safe.yaml,redrhex_rl_controller.ros__parameters.safety.max_motor_temperature_c,55.0,source profile; not necessarily active
src/redrhex_rl_controller/config/redrhex_policy_bench_safe.yaml,redrhex_rl_controller.ros__parameters.safety.max_motor_current_a,3.0,source profile; not necessarily active
src/redrhex_rl_controller/config/redrhex_policy_bench_safe.yaml,redrhex_rl_controller.ros__parameters.safety.max_control_loop_dt_s,0.03,source profile; not necessarily active
src/redrhex_rl_controller/config/redrhex_policy_bench_safe.yaml,redrhex_rl_controller.ros__parameters.safety.max_inference_duration_s,0.008,source profile; not necessarily active
src/redrhex_rl_controller/config/redrhex_policy_bench_safe.yaml,redrhex_rl_controller.ros__parameters.safety.motor_current_trip_samples,5,source profile; not necessarily active
src/redrhex_rl_controller/config/redrhex_policy_bench_safe.yaml,redrhex_rl_controller.ros__parameters.safety.control_loop_trip_samples,3,source profile; not necessarily active
src/redrhex_rl_controller/config/redrhex_policy_bench_safe.yaml,redrhex_rl_controller.ros__parameters.safety.inference_trip_samples,3,source profile; not necessarily active
src/redrhex_rl_controller/config/redrhex_policy_bench_safe.yaml,redrhex_rl_controller.ros__parameters.safety.main_drive_slew_rate_rad_s2,12.0,source profile; not necessarily active
src/redrhex_rl_controller/config/redrhex_policy_bench_safe.yaml,redrhex_rl_controller.ros__parameters.safety.abad_slew_rate_rad_s,1.0,source profile; not necessarily active
src/redrhex_rl_controller/config/redrhex_policy_bench_safe.yaml,redrhex_rl_controller.ros__parameters.action.hardware_mapping_calibrated,false,source profile; not necessarily active
src/redrhex_rl_controller/config/redrhex_policy_bench_safe.yaml,redrhex_rl_controller.ros__parameters.action.play_forward_compat_enable,false,source profile; not necessarily active
src/redrhex_rl_controller/config/redrhex_policy_bench_safe.yaml,redrhex_rl_controller.ros__parameters.action.play_forward_compat_bias_scale,1.0,source profile; not necessarily active
src/redrhex_rl_controller/config/redrhex_policy_bench_safe.yaml,redrhex_rl_controller.ros__parameters.action.play_forward_compat_residual_scale,0.04,source profile; not necessarily active
src/redrhex_rl_controller/config/redrhex_policy_bench_safe.yaml,redrhex_rl_controller.ros__parameters.action.play_forward_compat_residual_clip,0.3,source profile; not necessarily active
src/redrhex_rl_controller/config/redrhex_policy_bench_safe.yaml,redrhex_rl_controller.ros__parameters.action.include_damper_command,false,source profile; not necessarily active
src/redrhex_rl_controller/config/redrhex_policy_bench_safe.yaml,redrhex_rl_controller.ros__parameters.action.main_drive_init_control_mode,"""velocity_to_pose""",source profile; not necessarily active
src/redrhex_rl_controller/config/redrhex_policy_bench_safe.yaml,redrhex_rl_controller.ros__parameters.action.init_stand_main_drive_position_gain,1.2,source profile; not necessarily active
src/redrhex_rl_controller/config/redrhex_policy_bench_safe.yaml,redrhex_rl_controller.ros__parameters.action.init_stand_max_main_drive_vel_rad_s,0.35,source profile; not necessarily active
src/redrhex_rl_controller/config/redrhex_policy_bench_safe.yaml,redrhex_rl_controller.ros__parameters.action.main_drive_sign,"[1.0, 1.0, 1.0, 1.0, 1.0, 1.0]",source profile; not necessarily active
src/redrhex_rl_controller/config/redrhex_policy_bench_safe.yaml,redrhex_rl_controller.ros__parameters.action.abad_sign,"[1.0, 1.0, 1.0, 1.0, 1.0, 1.0]",source profile; not necessarily active
src/redrhex_rl_controller/config/redrhex_policy_bench_safe.yaml,redrhex_rl_controller.ros__parameters.action.damper_sign,"[1.0, 1.0, 1.0, 1.0, 1.0, 1.0]",source profile; not necessarily active
src/redrhex_rl_controller/config/redrhex_policy_bench_safe.yaml,redrhex_rl_controller.ros__parameters.action.main_drive_zero_offset_rad,"[0.0, 0.0, 0.0, 0.0, 0.0, 0.0]",source profile; not necessarily active
src/redrhex_rl_controller/config/redrhex_policy_bench_safe.yaml,redrhex_rl_controller.ros__parameters.action.abad_zero_offset_rad,"[0.0, 0.0, 0.0, 0.0, 0.0, 0.0]",source profile; not necessarily active
src/redrhex_rl_controller/config/redrhex_policy_bench_safe.yaml,redrhex_rl_controller.ros__parameters.action.damper_zero_offset_rad,"[0.0, 0.0, 0.0, 0.0, 0.0, 0.0]",source profile; not necessarily active
src/redrhex_rl_controller/config/redrhex_policy_bench_safe.yaml,redrhex_rl_controller.ros__parameters.action.main_drive_kp,"[0.0, 0.0, 0.0, 0.0, 0.0, 0.0]",source profile; not necessarily active
src/redrhex_rl_controller/config/redrhex_policy_bench_safe.yaml,redrhex_rl_controller.ros__parameters.action.main_drive_kd,"[10.0, 10.0, 10.0, 10.0, 10.0, 10.0]",source profile; not necessarily active
src/redrhex_rl_controller/config/redrhex_policy_bench_safe.yaml,redrhex_rl_controller.ros__parameters.action.abad_kp,"[8.0, 8.0, 8.0, 8.0, 8.0, 8.0]",source profile; not necessarily active
src/redrhex_rl_controller/config/redrhex_policy_bench_safe.yaml,redrhex_rl_controller.ros__parameters.action.abad_kd,"[0.8, 0.8, 0.8, 0.8, 0.8, 0.8]",source profile; not necessarily active
src/redrhex_rl_controller/config/redrhex_policy_bench_safe.yaml,redrhex_rl_controller.ros__parameters.action.stand_main_drive_kp,"[3.0, 3.0, 3.0, 3.0, 3.0, 3.0]",source profile; not necessarily active
src/redrhex_rl_controller/config/redrhex_policy_bench_safe.yaml,redrhex_rl_controller.ros__parameters.action.stand_main_drive_kd,"[0.3, 0.3, 0.3, 0.3, 0.3, 0.3]",source profile; not necessarily active
src/redrhex_rl_controller/config/redrhex_policy_bench_safe.yaml,redrhex_rl_controller.ros__parameters.commands.profile,"""external_cmd_vel""",source profile; not necessarily active
src/redrhex_rl_controller/config/redrhex_policy_bench_safe.yaml,redrhex_rl_controller.ros__parameters.commands.fixed_forward_vx,0.22,source profile; not necessarily active
src/redrhex_rl_controller/config/redrhex_policy_bench_safe.yaml,redrhex_rl_controller.ros__parameters.commands.vx_min,0.0,source profile; not necessarily active
src/redrhex_rl_controller/config/redrhex_policy_bench_safe.yaml,redrhex_rl_controller.ros__parameters.commands.vx_max,0.12,source profile; not necessarily active
src/redrhex_rl_controller/config/redrhex_policy_bench_safe.yaml,redrhex_rl_controller.ros__parameters.commands.vy_min,-0.14,source profile; not necessarily active
src/redrhex_rl_controller/config/redrhex_policy_bench_safe.yaml,redrhex_rl_controller.ros__parameters.commands.vy_max,0.14,source profile; not necessarily active
src/redrhex_rl_controller/config/redrhex_policy_bench_safe.yaml,redrhex_rl_controller.ros__parameters.commands.wz_min,-0.17,source profile; not necessarily active
src/redrhex_rl_controller/config/redrhex_policy_bench_safe.yaml,redrhex_rl_controller.ros__parameters.commands.wz_max,0.17,source profile; not necessarily active
src/redrhex_rl_controller/config/redrhex_policy.yaml,redrhex_rl_controller.ros__parameters.hardware.disabled_legs,[],source profile; not necessarily active
src/redrhex_rl_controller/config/redrhex_policy.yaml,redrhex_rl_controller.ros__parameters.hardware.max_disabled_legs,1,source profile; not necessarily active
src/redrhex_rl_controller/config/redrhex_policy.yaml,redrhex_rl_controller.ros__parameters.policy.onnx_path,"""/home/jetson/redrhex_models/policy.onnx""",source profile; not necessarily active
src/redrhex_rl_controller/config/redrhex_policy.yaml,redrhex_rl_controller.ros__parameters.policy.use_cuda,false,source profile; not necessarily active
src/redrhex_rl_controller/config/redrhex_policy.yaml,redrhex_rl_controller.ros__parameters.policy.use_tensorrt,false,source profile; not necessarily active
src/redrhex_rl_controller/config/redrhex_policy.yaml,redrhex_rl_controller.ros__parameters.policy.expected_obs_dim,56,source profile; not necessarily active
src/redrhex_rl_controller/config/redrhex_policy.yaml,redrhex_rl_controller.ros__parameters.policy.expected_action_dim,12,source profile; not necessarily active
src/redrhex_rl_controller/config/redrhex_policy.yaml,redrhex_rl_controller.ros__parameters.policy.policy_hz,0.0,source profile; not necessarily active
src/redrhex_rl_controller/config/redrhex_policy.yaml,redrhex_rl_controller.ros__parameters.policy.allow_history_dim,true,source profile; not necessarily active
src/redrhex_rl_controller/config/redrhex_policy.yaml,redrhex_rl_controller.ros__parameters.policy.observation_contract,"""redrhex_obs56_v2_action_lag2""",source profile; not necessarily active
src/redrhex_rl_controller/config/redrhex_policy.yaml,redrhex_rl_controller.ros__parameters.policy.action_contract,"""redrhex_stage5_residual_v1""",source profile; not necessarily active
src/redrhex_rl_controller/config/redrhex_policy.yaml,redrhex_rl_controller.ros__parameters.policy.require_contract_metadata,false,source profile; not necessarily active
src/redrhex_rl_controller/config/redrhex_policy.yaml,redrhex_rl_controller.ros__parameters.policy.expected_sha256,"""""",source profile; not necessarily active
src/redrhex_rl_controller/config/redrhex_policy.yaml,redrhex_rl_controller.ros__parameters.policy.startup_action_abs_limit,1.5,source profile; not necessarily active
src/redrhex_rl_controller/config/redrhex_policy.yaml,redrhex_rl_controller.ros__parameters.policy.expected_bridge_config_sha256,"""""",source profile; not necessarily active
src/redrhex_rl_controller/config/redrhex_policy.yaml,redrhex_rl_controller.ros__parameters.policy.max_inference_p99_ms,6.0,source profile; not necessarily active
src/redrhex_rl_controller/config/redrhex_policy.yaml,redrhex_rl_controller.ros__parameters.policy.inference_benchmark_warmup_runs,20,source profile; not necessarily active
src/redrhex_rl_controller/config/redrhex_policy.yaml,redrhex_rl_controller.ros__parameters.policy.inference_benchmark_runs,200,source profile; not necessarily active
src/redrhex_rl_controller/config/redrhex_policy.yaml,redrhex_rl_controller.ros__parameters.observation.sensor_profile,"""full_state""",source profile; not necessarily active
src/redrhex_rl_controller/config/redrhex_policy.yaml,redrhex_rl_controller.ros__parameters.observation.encoder_only_rig_acknowledged,false,source profile; not necessarily active
src/redrhex_rl_controller/config/redrhex_policy.yaml,redrhex_rl_controller.ros__parameters.observation.full_feedback_rig_acknowledged,false,source profile; not necessarily active
src/redrhex_rl_controller/config/redrhex_policy.yaml,redrhex_rl_controller.ros__parameters.observation.rig_projected_gravity,"[0.0, -1.0, 0.0]",source profile; not necessarily active
src/redrhex_rl_controller/config/redrhex_policy.yaml,redrhex_rl_controller.ros__parameters.observation.imu_alignment_calibrated,false,source profile; not necessarily active
src/redrhex_rl_controller/config/redrhex_policy.yaml,redrhex_rl_controller.ros__parameters.observation.expected_imu_frame_id,"""""",source profile; not necessarily active
src/redrhex_rl_controller/config/redrhex_policy.yaml,redrhex_rl_controller.ros__parameters.observation.expected_imu_publisher_node,"""""",source profile; not necessarily active
src/redrhex_rl_controller/config/redrhex_policy.yaml,redrhex_rl_controller.ros__parameters.observation.imu_policy_to_sensor_quaternion_xyzw,"[0.0, 0.0, 0.0, 1.0]",source profile; not necessarily active
src/redrhex_rl_controller/config/redrhex_policy.yaml,redrhex_rl_controller.ros__parameters.observation.imu_upright_quaternion_xyzw,"[0.7071067811865476, 0.0, 0.0, 0.7071067811865476]",source profile; not necessarily active
src/redrhex_rl_controller/config/redrhex_policy.yaml,redrhex_rl_controller.ros__parameters.observation.base_lin_vel_source,"""zero""",source profile; not necessarily active
src/redrhex_rl_controller/config/redrhex_policy.yaml,redrhex_rl_controller.ros__parameters.observation.odom_twist_in_body_frame,true,source profile; not necessarily active
src/redrhex_rl_controller/config/redrhex_policy.yaml,redrhex_rl_controller.ros__parameters.observation.abad_feedback_source,"""commanded""",source profile; not necessarily active
src/redrhex_rl_controller/config/redrhex_policy.yaml,redrhex_rl_controller.ros__parameters.observation.estimate_missing_joint_velocity,true,source profile; not necessarily active
src/redrhex_rl_controller/config/redrhex_policy.yaml,redrhex_rl_controller.ros__parameters.observation.policy_history_length,5,source profile; not necessarily active
src/redrhex_rl_controller/config/redrhex_policy.yaml,redrhex_rl_controller.ros__parameters.observation.observation_clip,100.0,source profile; not necessarily active
src/redrhex_rl_controller/config/redrhex_policy.yaml,redrhex_rl_controller.ros__parameters.observation.require_imu_source_stamp,false,source profile; not necessarily active
src/redrhex_rl_controller/config/redrhex_policy.yaml,redrhex_rl_controller.ros__parameters.observation.max_imu_source_age_s,0.1,source profile; not necessarily active
src/redrhex_rl_controller/config/redrhex_policy.yaml,redrhex_rl_controller.ros__parameters.observation.max_imu_future_skew_s,0.02,source profile; not necessarily active
src/redrhex_rl_controller/config/redrhex_policy.yaml,redrhex_rl_controller.ros__parameters.observation.disabled_leg_observation_mode,"""passthrough""",source profile; not necessarily active
src/redrhex_rl_controller/config/redrhex_policy.yaml,redrhex_rl_controller.ros__parameters.state_machine.enable_policy_on_start,false,source profile; not necessarily active
src/redrhex_rl_controller/config/redrhex_policy.yaml,redrhex_rl_controller.ros__parameters.state_machine.enable_motor_output_on_start,false,source profile; not necessarily active
src/redrhex_rl_controller/config/redrhex_policy.yaml,redrhex_rl_controller.ros__parameters.state_machine.init_stand_duration_s,2.0,source profile; not necessarily active
src/redrhex_rl_controller/config/redrhex_policy.yaml,redrhex_rl_controller.ros__parameters.state_machine.init_stand_timeout_s,12.0,source profile; not necessarily active
src/redrhex_rl_controller/config/redrhex_policy.yaml,redrhex_rl_controller.ros__parameters.state_machine.init_stand_position_tolerance_rad,0.12,source profile; not necessarily active
src/redrhex_rl_controller/config/redrhex_policy.yaml,redrhex_rl_controller.ros__parameters.state_machine.init_stand_velocity_tolerance_rad_s,0.25,source profile; not necessarily active
src/redrhex_rl_controller/config/redrhex_policy.yaml,redrhex_rl_controller.ros__parameters.state_machine.init_stand_stable_time_s,0.5,source profile; not necessarily active
src/redrhex_rl_controller/config/redrhex_policy.yaml,redrhex_rl_controller.ros__parameters.state_machine.output_enable_ack_timeout_s,0.15,source profile; not necessarily active
src/redrhex_rl_controller/config/redrhex_policy.yaml,redrhex_rl_controller.ros__parameters.state_machine.policy_run_max_duration_s,0.0,source profile; not necessarily active
src/redrhex_rl_controller/config/redrhex_policy.yaml,redrhex_rl_controller.ros__parameters.state_machine.warmup_duration_s,1.0,source profile; not necessarily active
src/redrhex_rl_controller/config/redrhex_policy.yaml,redrhex_rl_controller.ros__parameters.safety.max_abs_roll_rad,0.7,source profile; not necessarily active
src/redrhex_rl_controller/config/redrhex_policy.yaml,redrhex_rl_controller.ros__parameters.safety.max_abs_pitch_rad,0.7,source profile; not necessarily active
src/redrhex_rl_controller/config/redrhex_policy.yaml,redrhex_rl_controller.ros__parameters.safety.cmd_timeout_s,0.25,source profile; not necessarily active
src/redrhex_rl_controller/config/redrhex_policy.yaml,redrhex_rl_controller.ros__parameters.safety.sensor_timeout_s,0.1,source profile; not necessarily active
src/redrhex_rl_controller/config/redrhex_policy.yaml,redrhex_rl_controller.ros__parameters.safety.motor_feedback_timeout_s,0.25,source profile; not necessarily active
src/redrhex_rl_controller/config/redrhex_policy.yaml,redrhex_rl_controller.ros__parameters.safety.heartbeat_timeout_s,0.1,source profile; not necessarily active
src/redrhex_rl_controller/config/redrhex_policy.yaml,redrhex_rl_controller.ros__parameters.safety.require_motor_feedback,false,source profile; not necessarily active
src/redrhex_rl_controller/config/redrhex_policy.yaml,redrhex_rl_controller.ros__parameters.safety.require_lowlevel_heartbeat,false,source profile; not necessarily active
src/redrhex_rl_controller/config/redrhex_policy.yaml,redrhex_rl_controller.ros__parameters.safety.action_clip,1.0,source profile; not necessarily active
src/redrhex_rl_controller/config/redrhex_policy.yaml,redrhex_rl_controller.ros__parameters.safety.max_raw_action_abs,1.5,source profile; not necessarily active
src/redrhex_rl_controller/config/redrhex_policy.yaml,redrhex_rl_controller.ros__parameters.safety.main_drive_vel_limit_rad_s,30.0,source profile; not necessarily active
src/redrhex_rl_controller/config/redrhex_policy.yaml,redrhex_rl_controller.ros__parameters.safety.max_measured_main_drive_velocity_rad_s,80.0,source profile; not necessarily active
src/redrhex_rl_controller/config/redrhex_policy.yaml,redrhex_rl_controller.ros__parameters.safety.abad_pos_limit_rad,0.7,source profile; not necessarily active
src/redrhex_rl_controller/config/redrhex_policy.yaml,redrhex_rl_controller.ros__parameters.safety.max_motor_temperature_c,70.0,source profile; not necessarily active
src/redrhex_rl_controller/config/redrhex_policy.yaml,redrhex_rl_controller.ros__parameters.safety.max_motor_current_a,20.0,source profile; not necessarily active
src/redrhex_rl_controller/config/redrhex_policy.yaml,redrhex_rl_controller.ros__parameters.safety.max_control_loop_dt_s,0.03,source profile; not necessarily active
src/redrhex_rl_controller/config/redrhex_policy.yaml,redrhex_rl_controller.ros__parameters.safety.max_inference_duration_s,0.008,source profile; not necessarily active
src/redrhex_rl_controller/config/redrhex_policy.yaml,redrhex_rl_controller.ros__parameters.safety.motor_current_trip_samples,5,source profile; not necessarily active
src/redrhex_rl_controller/config/redrhex_policy.yaml,redrhex_rl_controller.ros__parameters.safety.control_loop_trip_samples,3,source profile; not necessarily active
src/redrhex_rl_controller/config/redrhex_policy.yaml,redrhex_rl_controller.ros__parameters.safety.inference_trip_samples,3,source profile; not necessarily active
src/redrhex_rl_controller/config/redrhex_policy.yaml,redrhex_rl_controller.ros__parameters.safety.main_drive_slew_rate_rad_s2,120.0,source profile; not necessarily active
src/redrhex_rl_controller/config/redrhex_policy.yaml,redrhex_rl_controller.ros__parameters.safety.abad_slew_rate_rad_s,6.0,source profile; not necessarily active
src/redrhex_rl_controller/config/redrhex_policy.yaml,redrhex_rl_controller.ros__parameters.action.hardware_mapping_calibrated,false,source profile; not necessarily active
src/redrhex_rl_controller/config/redrhex_policy.yaml,redrhex_rl_controller.ros__parameters.action.play_forward_compat_enable,false,source profile; not necessarily active
src/redrhex_rl_controller/config/redrhex_policy.yaml,redrhex_rl_controller.ros__parameters.action.play_forward_compat_bias_scale,1.0,source profile; not necessarily active
src/redrhex_rl_controller/config/redrhex_policy.yaml,redrhex_rl_controller.ros__parameters.action.play_forward_compat_residual_scale,0.04,source profile; not necessarily active
src/redrhex_rl_controller/config/redrhex_policy.yaml,redrhex_rl_controller.ros__parameters.action.play_forward_compat_residual_clip,0.3,source profile; not necessarily active
src/redrhex_rl_controller/config/redrhex_policy.yaml,redrhex_rl_controller.ros__parameters.action.include_damper_command,false,source profile; not necessarily active
src/redrhex_rl_controller/config/redrhex_policy.yaml,redrhex_rl_controller.ros__parameters.action.main_drive_init_control_mode,"""velocity_to_pose""",source profile; not necessarily active
src/redrhex_rl_controller/config/redrhex_policy.yaml,redrhex_rl_controller.ros__parameters.action.init_stand_main_drive_position_gain,3.0,source profile; not necessarily active
src/redrhex_rl_controller/config/redrhex_policy.yaml,redrhex_rl_controller.ros__parameters.action.init_stand_max_main_drive_vel_rad_s,1.5,source profile; not necessarily active
src/redrhex_rl_controller/config/redrhex_policy.yaml,redrhex_rl_controller.ros__parameters.action.main_drive_sign,"[1.0, 1.0, 1.0, 1.0, 1.0, 1.0]",source profile; not necessarily active
src/redrhex_rl_controller/config/redrhex_policy.yaml,redrhex_rl_controller.ros__parameters.action.abad_sign,"[1.0, 1.0, 1.0, 1.0, 1.0, 1.0]",source profile; not necessarily active
src/redrhex_rl_controller/config/redrhex_policy.yaml,redrhex_rl_controller.ros__parameters.action.damper_sign,"[1.0, 1.0, 1.0, 1.0, 1.0, 1.0]",source profile; not necessarily active
src/redrhex_rl_controller/config/redrhex_policy.yaml,redrhex_rl_controller.ros__parameters.action.main_drive_zero_offset_rad,"[0.0, 0.0, 0.0, 0.0, 0.0, 0.0]",source profile; not necessarily active
src/redrhex_rl_controller/config/redrhex_policy.yaml,redrhex_rl_controller.ros__parameters.action.abad_zero_offset_rad,"[0.0, 0.0, 0.0, 0.0, 0.0, 0.0]",source profile; not necessarily active
src/redrhex_rl_controller/config/redrhex_policy.yaml,redrhex_rl_controller.ros__parameters.action.damper_zero_offset_rad,"[0.0, 0.0, 0.0, 0.0, 0.0, 0.0]",source profile; not necessarily active
src/redrhex_rl_controller/config/redrhex_policy.yaml,redrhex_rl_controller.ros__parameters.action.main_drive_kp,"[0.0, 0.0, 0.0, 0.0, 0.0, 0.0]",source profile; not necessarily active
src/redrhex_rl_controller/config/redrhex_policy.yaml,redrhex_rl_controller.ros__parameters.action.main_drive_kd,"[50.0, 50.0, 50.0, 50.0, 50.0, 50.0]",source profile; not necessarily active
src/redrhex_rl_controller/config/redrhex_policy.yaml,redrhex_rl_controller.ros__parameters.action.abad_kp,"[40.0, 40.0, 40.0, 40.0, 40.0, 40.0]",source profile; not necessarily active
src/redrhex_rl_controller/config/redrhex_policy.yaml,redrhex_rl_controller.ros__parameters.action.abad_kd,"[4.0, 4.0, 4.0, 4.0, 4.0, 4.0]",source profile; not necessarily active
src/redrhex_rl_controller/config/redrhex_policy.yaml,redrhex_rl_controller.ros__parameters.action.stand_main_drive_kp,"[12.0, 12.0, 12.0, 12.0, 12.0, 12.0]",source profile; not necessarily active
src/redrhex_rl_controller/config/redrhex_policy.yaml,redrhex_rl_controller.ros__parameters.action.stand_main_drive_kd,"[1.0, 1.0, 1.0, 1.0, 1.0, 1.0]",source profile; not necessarily active
src/redrhex_rl_controller/config/redrhex_policy.yaml,redrhex_rl_controller.ros__parameters.commands.profile,"""external_cmd_vel""",source profile; not necessarily active
src/redrhex_rl_controller/config/redrhex_policy.yaml,redrhex_rl_controller.ros__parameters.commands.fixed_forward_vx,0.22,source profile; not necessarily active
src/redrhex_rl_controller/config/redrhex_policy.yaml,redrhex_rl_controller.ros__parameters.commands.vx_min,0.0,source profile; not necessarily active
src/redrhex_rl_controller/config/redrhex_policy.yaml,redrhex_rl_controller.ros__parameters.commands.vx_max,0.56,source profile; not necessarily active
src/redrhex_rl_controller/config/redrhex_policy.yaml,redrhex_rl_controller.ros__parameters.commands.vy_min,-0.6,source profile; not necessarily active
src/redrhex_rl_controller/config/redrhex_policy.yaml,redrhex_rl_controller.ros__parameters.commands.vy_max,0.6,source profile; not necessarily active
src/redrhex_rl_controller/config/redrhex_policy.yaml,redrhex_rl_controller.ros__parameters.commands.wz_min,-0.7,source profile; not necessarily active
src/redrhex_rl_controller/config/redrhex_policy.yaml,redrhex_rl_controller.ros__parameters.commands.wz_max,0.7,source profile; not necessarily active
src/rinbo_ros_bridge/config/redrhex_safe.yaml,rinbo_ros2_bridge.ros__parameters.core_ip,"""192.168.30.2""",source profile; not necessarily active
src/rinbo_ros_bridge/config/redrhex_safe.yaml,rinbo_ros2_bridge.ros__parameters.motor_command_timeout_ms,100,source profile; not necessarily active
src/rinbo_ros_bridge/config/redrhex_safe.yaml,rinbo_ros2_bridge.ros__parameters.motor_command_max_age_ms,100,source profile; not necessarily active
src/rinbo_ros_bridge/config/redrhex_safe.yaml,rinbo_ros2_bridge.ros__parameters.motor_command_rearm_disabled_samples,5,source profile; not necessarily active
src/rinbo_ros_bridge/config/redrhex_safe.yaml,rinbo_ros2_bridge.ros__parameters.motor_disable_resend_period_ms,20,source profile; not necessarily active
src/rinbo_ros_bridge/config/redrhex_safe.yaml,rinbo_ros2_bridge.ros__parameters.motor_arbiter_heartbeat_period_ms,50,source profile; not necessarily active
src/rinbo_ros_bridge/config/redrhex_safe.yaml,rinbo_ros2_bridge.ros__parameters.motor_output_status_period_ms,20,source profile; not necessarily active
src/rinbo_ros_bridge/config/redrhex_safe.yaml,rinbo_ros2_bridge.ros__parameters.motor_shutdown_disabled_packets,8,source profile; not necessarily active
src/rinbo_ros_bridge/config/redrhex_safe.yaml,rinbo_ros2_bridge.ros__parameters.power_shutdown_off_packets,3,source profile; not necessarily active
src/rinbo_ros_bridge/config/redrhex_safe.yaml,rinbo_ros2_bridge.ros__parameters.motor_command_max_pwm,3300.0,source profile; not necessarily active
src/rinbo_ros_bridge/config/redrhex_safe.yaml,rinbo_ros2_bridge.ros__parameters.motor_command_min_servo_encoder,0,source profile; not necessarily active
src/rinbo_ros_bridge/config/redrhex_safe.yaml,rinbo_ros2_bridge.ros__parameters.motor_command_max_servo_encoder,65535,source profile; not necessarily active
src/rinbo_ros_bridge/config/redrhex_safe.yaml,rinbo_ros2_bridge.ros__parameters.power_command_max_age_ms,200,source profile; not necessarily active
src/redrhex_lowlevel_bridge/config/lowlevel_bridge.yaml,redrhex_lowlevel_bridge.ros__parameters.backend,"""mock""",source profile; not necessarily active
src/redrhex_lowlevel_bridge/config/lowlevel_bridge.yaml,redrhex_lowlevel_bridge.ros__parameters.feedback_rate_hz,50.0,source profile; not necessarily active
src/redrhex_lowlevel_bridge/config/lowlevel_bridge.yaml,redrhex_lowlevel_bridge.ros__parameters.hardware.disabled_legs,[],source profile; not necessarily active
src/redrhex_lowlevel_bridge/config/lowlevel_bridge.yaml,redrhex_lowlevel_bridge.ros__parameters.hardware.max_disabled_legs,1,source profile; not necessarily active
src/redrhex_lowlevel_bridge/config/lowlevel_bridge.yaml,redrhex_lowlevel_bridge.ros__parameters.mock.print_every_n,50,source profile; not necessarily active
src/redrhex_lowlevel_bridge/config/lowlevel_bridge.yaml,redrhex_lowlevel_bridge.ros__parameters.serial.port,"""/dev/ttyUSB0""",source profile; not necessarily active
src/redrhex_lowlevel_bridge/config/lowlevel_bridge.yaml,redrhex_lowlevel_bridge.ros__parameters.serial.baudrate,921600,source profile; not necessarily active
src/redrhex_lowlevel_bridge/config/lowlevel_bridge.yaml,redrhex_lowlevel_bridge.ros__parameters.serial.timeout_s,0.005,source profile; not necessarily active
src/redrhex_lowlevel_bridge/config/lowlevel_bridge.yaml,redrhex_lowlevel_bridge.ros__parameters.serial.allow_enable,false,source profile; not necessarily active
src/redrhex_lowlevel_bridge/config/lowlevel_bridge.yaml,redrhex_lowlevel_bridge.ros__parameters.sbrio.remote_host,"""192.168.0.2""",source profile; not necessarily active
src/redrhex_lowlevel_bridge/config/lowlevel_bridge.yaml,redrhex_lowlevel_bridge.ros__parameters.sbrio.command_port,15000,source profile; not necessarily active
src/redrhex_lowlevel_bridge/config/lowlevel_bridge.yaml,redrhex_lowlevel_bridge.ros__parameters.sbrio.bind_host,"""0.0.0.0""",source profile; not necessarily active
src/redrhex_lowlevel_bridge/config/lowlevel_bridge.yaml,redrhex_lowlevel_bridge.ros__parameters.sbrio.feedback_port,15001,source profile; not necessarily active
src/redrhex_lowlevel_bridge/config/lowlevel_bridge.yaml,redrhex_lowlevel_bridge.ros__parameters.sbrio.timeout_s,0.002,source profile; not necessarily active
src/redrhex_lowlevel_bridge/config/lowlevel_bridge.yaml,redrhex_lowlevel_bridge.ros__parameters.sbrio.heartbeat_timeout_s,0.25,source profile; not necessarily active
src/redrhex_lowlevel_bridge/config/lowlevel_bridge.yaml,redrhex_lowlevel_bridge.ros__parameters.sbrio.allow_enable,false,source profile; not necessarily active
src/redrhex_lowlevel_bridge/config/lowlevel_bridge.yaml,redrhex_lowlevel_bridge.ros__parameters.sbrio.require_feedback,false,source profile; not necessarily active
src/redrhex_lowlevel_bridge/config/lowlevel_bridge.yaml,redrhex_lowlevel_bridge.ros__parameters.rinbo.command_topic,"""/motor/command""",source profile; not necessarily active
src/redrhex_lowlevel_bridge/config/lowlevel_bridge.yaml,redrhex_lowlevel_bridge.ros__parameters.rinbo.state_topic,"""/motor/state""",source profile; not necessarily active
src/redrhex_lowlevel_bridge/config/lowlevel_bridge.yaml,redrhex_lowlevel_bridge.ros__parameters.rinbo.power_state_topic,"""/power/state""",source profile; not necessarily active
src/redrhex_lowlevel_bridge/config/lowlevel_bridge.yaml,redrhex_lowlevel_bridge.ros__parameters.rinbo.joint_state_topic,"""/joint_states""",source profile; not necessarily active
src/redrhex_lowlevel_bridge/config/lowlevel_bridge.yaml,redrhex_lowlevel_bridge.ros__parameters.rinbo.preview_topic,"""/redrhex/rinbo_motor_command_preview""",source profile; not necessarily active
src/redrhex_lowlevel_bridge/config/lowlevel_bridge.yaml,redrhex_lowlevel_bridge.ros__parameters.rinbo.publish_preview,true,source profile; not necessarily active
src/redrhex_lowlevel_bridge/config/lowlevel_bridge.yaml,redrhex_lowlevel_bridge.ros__parameters.rinbo.allow_enable,false,source profile; not necessarily active
src/redrhex_lowlevel_bridge/config/lowlevel_bridge.yaml,redrhex_lowlevel_bridge.ros__parameters.rinbo.publish_when_disabled,false,source profile; not necessarily active
src/redrhex_lowlevel_bridge/config/lowlevel_bridge.yaml,redrhex_lowlevel_bridge.ros__parameters.rinbo.disabled_servo_control_mode,0,source profile; not necessarily active
src/redrhex_lowlevel_bridge/config/lowlevel_bridge.yaml,redrhex_lowlevel_bridge.ros__parameters.rinbo.publish_shutdown_disable,true,source profile; not necessarily active
src/redrhex_lowlevel_bridge/config/lowlevel_bridge.yaml,redrhex_lowlevel_bridge.ros__parameters.rinbo.shutdown_disable_repeats,5,source profile; not necessarily active
src/redrhex_lowlevel_bridge/config/lowlevel_bridge.yaml,redrhex_lowlevel_bridge.ros__parameters.rinbo.shutdown_disable_period_s,0.02,source profile; not necessarily active
src/redrhex_lowlevel_bridge/config/lowlevel_bridge.yaml,redrhex_lowlevel_bridge.ros__parameters.rinbo.disabled_handshake_repeats,5,source profile; not necessarily active
src/redrhex_lowlevel_bridge/config/lowlevel_bridge.yaml,redrhex_lowlevel_bridge.ros__parameters.rinbo.require_downstream_output_ack,true,source profile; not necessarily active
src/redrhex_lowlevel_bridge/config/lowlevel_bridge.yaml,redrhex_lowlevel_bridge.ros__parameters.rinbo.downstream_output_ack_topic,"""/rinbo/motor_output_enabled""",source profile; not necessarily active
src/redrhex_lowlevel_bridge/config/lowlevel_bridge.yaml,redrhex_lowlevel_bridge.ros__parameters.rinbo.downstream_output_ack_timeout_s,0.1,source profile; not necessarily active
src/redrhex_lowlevel_bridge/config/lowlevel_bridge.yaml,redrhex_lowlevel_bridge.ros__parameters.rinbo.require_state,true,source profile; not necessarily active
src/redrhex_lowlevel_bridge/config/lowlevel_bridge.yaml,redrhex_lowlevel_bridge.ros__parameters.rinbo.block_if_duplicate_command_publishers,true,source profile; not necessarily active
src/redrhex_lowlevel_bridge/config/lowlevel_bridge.yaml,redrhex_lowlevel_bridge.ros__parameters.rinbo.state_timeout_s,0.25,source profile; not necessarily active
src/redrhex_lowlevel_bridge/config/lowlevel_bridge.yaml,redrhex_lowlevel_bridge.ros__parameters.rinbo.main_position_counts_per_rev,54984.83,source profile; not necessarily active
src/redrhex_lowlevel_bridge/config/lowlevel_bridge.yaml,redrhex_lowlevel_bridge.ros__parameters.rinbo.main_pwm_per_rad_s,40.0,source profile; not necessarily active
src/redrhex_lowlevel_bridge/config/lowlevel_bridge.yaml,redrhex_lowlevel_bridge.ros__parameters.rinbo.main_max_pwm,80.0,source profile; not necessarily active
src/redrhex_lowlevel_bridge/config/lowlevel_bridge.yaml,redrhex_lowlevel_bridge.ros__parameters.rinbo.main_pwm_slew_rate_per_s,250.0,source profile; not necessarily active
src/redrhex_lowlevel_bridge/config/lowlevel_bridge.yaml,redrhex_lowlevel_bridge.ros__parameters.rinbo.main_encoder_zero_counts_rinbo_order,"[0.0, 0.0, 0.0, 0.0, 0.0, 0.0]",source profile; not necessarily active
src/redrhex_lowlevel_bridge/config/lowlevel_bridge.yaml,redrhex_lowlevel_bridge.ros__parameters.rinbo.main_encoder_sign_rinbo_order,"[-1.0, -1.0, -1.0, 1.0, 1.0, 1.0]",source profile; not necessarily active
src/redrhex_lowlevel_bridge/config/lowlevel_bridge.yaml,redrhex_lowlevel_bridge.ros__parameters.rinbo.main_velocity_sign_policy_order,"[1.0, 1.0, 1.0, 1.0, 1.0, 1.0]",source profile; not necessarily active
src/redrhex_lowlevel_bridge/config/lowlevel_bridge.yaml,redrhex_lowlevel_bridge.ros__parameters.rinbo.main_direction_positive_rinbo_order,"[true, true, true, false, false, false]",source profile; not necessarily active
src/redrhex_lowlevel_bridge/config/lowlevel_bridge.yaml,redrhex_lowlevel_bridge.ros__parameters.rinbo.main_velocity_filter_alpha,0.35,source profile; not necessarily active
src/redrhex_lowlevel_bridge/config/lowlevel_bridge.yaml,redrhex_lowlevel_bridge.ros__parameters.rinbo.main_velocity_max_dt_s,0.2,source profile; not necessarily active
src/redrhex_lowlevel_bridge/config/lowlevel_bridge.yaml,redrhex_lowlevel_bridge.ros__parameters.rinbo.main_velocity_clip_rad_s,80.0,source profile; not necessarily active
src/redrhex_lowlevel_bridge/config/lowlevel_bridge.yaml,redrhex_lowlevel_bridge.ros__parameters.rinbo.max_main_target_velocity_rad_s,30.0,source profile; not necessarily active
src/redrhex_lowlevel_bridge/config/lowlevel_bridge.yaml,redrhex_lowlevel_bridge.ros__parameters.rinbo.abad_encoder_zero_rinbo_order,"[740, 2565, 3283, 1944, 2071, 989]",source profile; not necessarily active
src/redrhex_lowlevel_bridge/config/lowlevel_bridge.yaml,redrhex_lowlevel_bridge.ros__parameters.rinbo.abad_encoder_counts_per_rad,1000.0,source profile; not necessarily active
src/redrhex_lowlevel_bridge/config/lowlevel_bridge.yaml,redrhex_lowlevel_bridge.ros__parameters.rinbo.abad_encoder_counts_per_rad_rinbo_order,[],source profile; not necessarily active
src/redrhex_lowlevel_bridge/config/lowlevel_bridge.yaml,redrhex_lowlevel_bridge.ros__parameters.rinbo.abad_encoder_min,0,source profile; not necessarily active
src/redrhex_lowlevel_bridge/config/lowlevel_bridge.yaml,redrhex_lowlevel_bridge.ros__parameters.rinbo.abad_encoder_max,65535,source profile; not necessarily active
src/redrhex_lowlevel_bridge/config/lowlevel_bridge.yaml,redrhex_lowlevel_bridge.ros__parameters.rinbo.abad_sign_rinbo_order,"[1.0, 1.0, 1.0, 1.0, 1.0, 1.0]",source profile; not necessarily active
src/redrhex_lowlevel_bridge/config/lowlevel_bridge.yaml,redrhex_lowlevel_bridge.ros__parameters.rinbo.servo_control_mode,2,source profile; not necessarily active
src/redrhex_lowlevel_bridge/config/lowlevel_bridge.yaml,redrhex_lowlevel_bridge.ros__parameters.rinbo.max_abad_target_position_rad,0.7,source profile; not necessarily active
src/redrhex_lowlevel_bridge/config/lowlevel_bridge.yaml,redrhex_lowlevel_bridge.ros__parameters.rinbo.require_exact_command_contract,true,source profile; not necessarily active
src/redrhex_lowlevel_bridge/config/lowlevel_bridge.yaml,redrhex_lowlevel_bridge.ros__parameters.rinbo.require_single_telemetry_publisher,true,source profile; not necessarily active
src/redrhex_lowlevel_bridge/config/lowlevel_bridge.yaml,redrhex_lowlevel_bridge.ros__parameters.rinbo.expected_telemetry_publisher_node,"""rinbo_ros2_bridge""",source profile; not necessarily active
src/redrhex_lowlevel_bridge/config/lowlevel_bridge.yaml,redrhex_lowlevel_bridge.ros__parameters.rinbo.require_monotonic_telemetry_stamp,true,source profile; not necessarily active
src/redrhex_lowlevel_bridge/config/lowlevel_bridge.yaml,redrhex_lowlevel_bridge.ros__parameters.rinbo.publish_abad_joint_feedback,false,source profile; not necessarily active
src/redrhex_lowlevel_bridge/config/lowlevel_bridge.yaml,redrhex_lowlevel_bridge.ros__parameters.rinbo.abad_feedback_calibrated,false,source profile; not necessarily active
src/redrhex_lowlevel_bridge/config/lowlevel_bridge.yaml,redrhex_lowlevel_bridge.ros__parameters.rinbo.require_abad_command_calibration,false,source profile; not necessarily active
src/redrhex_lowlevel_bridge/config/lowlevel_bridge.yaml,redrhex_lowlevel_bridge.ros__parameters.rinbo.abad_command_calibrated,false,source profile; not necessarily active
src/redrhex_lowlevel_bridge/config/lowlevel_bridge.yaml,redrhex_lowlevel_bridge.ros__parameters.rinbo.require_power_state,true,source profile; not necessarily active
src/redrhex_lowlevel_bridge/config/lowlevel_bridge.yaml,redrhex_lowlevel_bridge.ros__parameters.rinbo.require_power_relay,true,source profile; not necessarily active
src/redrhex_lowlevel_bridge/config/lowlevel_bridge.yaml,redrhex_lowlevel_bridge.ros__parameters.rinbo.power_state_timeout_s,0.35,source profile; not necessarily active
src/redrhex_lowlevel_bridge/config/lowlevel_bridge.yaml,redrhex_lowlevel_bridge.ros__parameters.rinbo.command_timeout_s,0.1,source profile; not necessarily active
src/redrhex_lowlevel_bridge/config/lowlevel_bridge.yaml,redrhex_lowlevel_bridge.ros__parameters.rinbo.block_if_duplicate_upstream_publishers,true,source profile; not necessarily active
src/redrhex_lowlevel_bridge/config/lowlevel_bridge.yaml,redrhex_lowlevel_bridge.ros__parameters.rinbo.upstream_command_max_age_s,0.1,source profile; not necessarily active
src/redrhex_lowlevel_bridge/config/lowlevel_bridge.yaml,redrhex_lowlevel_bridge.ros__parameters.rinbo.recovery_healthy_samples,5,source profile; not necessarily active
src/redrhex_lowlevel_bridge/config/lowlevel_bridge.yaml,redrhex_lowlevel_bridge.ros__parameters.rinbo.power_bus_voltage_channel,7,source profile; not necessarily active
src/redrhex_lowlevel_bridge/config/lowlevel_bridge.yaml,redrhex_lowlevel_bridge.ros__parameters.rinbo.leg_current_channels_rinbo_order,"[1, 2, 3, 4, 5, 6]",source profile; not necessarily active
src/redrhex_lowlevel_bridge/config/lowlevel_bridge.yaml,redrhex_lowlevel_bridge.ros__parameters.rinbo.min_bus_voltage,18.0,source profile; not necessarily active
src/redrhex_lowlevel_bridge/config/lowlevel_bridge.yaml,redrhex_lowlevel_bridge.ros__parameters.rinbo.max_bus_voltage,30.0,source profile; not necessarily active
src/redrhex_lowlevel_bridge/config/lowlevel_bridge.yaml,redrhex_lowlevel_bridge.ros__parameters.rinbo.max_current_a,3.0,source profile; not necessarily active
src/redrhex_lowlevel_bridge/config/lowlevel_bridge.yaml,redrhex_lowlevel_bridge.ros__parameters.rinbo.current_trip_samples,3,source profile; not necessarily active
src/redrhex_lowlevel_bridge/config/lowlevel_bridge.yaml,redrhex_lowlevel_bridge.ros__parameters.rinbo.voltage_trip_samples,3,source profile; not necessarily active
src/redrhex_lowlevel_bridge/config/lowlevel_bridge.yaml,redrhex_lowlevel_bridge.ros__parameters.rinbo.max_bus_current_a,30.0,source profile; not necessarily active
src/redrhex_lowlevel_bridge/config/lowlevel_bridge.yaml,redrhex_lowlevel_bridge.ros__parameters.rinbo.stop_on_bus_current_limit,false,source profile; not necessarily active
src/redrhex_lowlevel_bridge/config/lowlevel_bridge_bench_safe.yaml,redrhex_lowlevel_bridge.ros__parameters.backend,"""biorola_ros""",source profile; not necessarily active
src/redrhex_lowlevel_bridge/config/lowlevel_bridge_bench_safe.yaml,redrhex_lowlevel_bridge.ros__parameters.feedback_rate_hz,50.0,source profile; not necessarily active
src/redrhex_lowlevel_bridge/config/lowlevel_bridge_bench_safe.yaml,redrhex_lowlevel_bridge.ros__parameters.hardware.disabled_legs,[],source profile; not necessarily active
src/redrhex_lowlevel_bridge/config/lowlevel_bridge_bench_safe.yaml,redrhex_lowlevel_bridge.ros__parameters.hardware.max_disabled_legs,1,source profile; not necessarily active
src/redrhex_lowlevel_bridge/config/lowlevel_bridge_bench_safe.yaml,redrhex_lowlevel_bridge.ros__parameters.rinbo.command_topic,"""/motor/command""",source profile; not necessarily active
src/redrhex_lowlevel_bridge/config/lowlevel_bridge_bench_safe.yaml,redrhex_lowlevel_bridge.ros__parameters.rinbo.state_topic,"""/motor/state""",source profile; not necessarily active
src/redrhex_lowlevel_bridge/config/lowlevel_bridge_bench_safe.yaml,redrhex_lowlevel_bridge.ros__parameters.rinbo.power_state_topic,"""/power/state""",source profile; not necessarily active
src/redrhex_lowlevel_bridge/config/lowlevel_bridge_bench_safe.yaml,redrhex_lowlevel_bridge.ros__parameters.rinbo.joint_state_topic,"""/joint_states""",source profile; not necessarily active
src/redrhex_lowlevel_bridge/config/lowlevel_bridge_bench_safe.yaml,redrhex_lowlevel_bridge.ros__parameters.rinbo.preview_topic,"""/redrhex/rinbo_motor_command_preview""",source profile; not necessarily active
src/redrhex_lowlevel_bridge/config/lowlevel_bridge_bench_safe.yaml,redrhex_lowlevel_bridge.ros__parameters.rinbo.publish_preview,true,source profile; not necessarily active
src/redrhex_lowlevel_bridge/config/lowlevel_bridge_bench_safe.yaml,redrhex_lowlevel_bridge.ros__parameters.rinbo.allow_enable,false,source profile; not necessarily active
src/redrhex_lowlevel_bridge/config/lowlevel_bridge_bench_safe.yaml,redrhex_lowlevel_bridge.ros__parameters.rinbo.publish_when_disabled,false,source profile; not necessarily active
src/redrhex_lowlevel_bridge/config/lowlevel_bridge_bench_safe.yaml,redrhex_lowlevel_bridge.ros__parameters.rinbo.disabled_servo_control_mode,0,source profile; not necessarily active
src/redrhex_lowlevel_bridge/config/lowlevel_bridge_bench_safe.yaml,redrhex_lowlevel_bridge.ros__parameters.rinbo.publish_shutdown_disable,true,source profile; not necessarily active
src/redrhex_lowlevel_bridge/config/lowlevel_bridge_bench_safe.yaml,redrhex_lowlevel_bridge.ros__parameters.rinbo.shutdown_disable_repeats,8,source profile; not necessarily active
src/redrhex_lowlevel_bridge/config/lowlevel_bridge_bench_safe.yaml,redrhex_lowlevel_bridge.ros__parameters.rinbo.shutdown_disable_period_s,0.02,source profile; not necessarily active
src/redrhex_lowlevel_bridge/config/lowlevel_bridge_bench_safe.yaml,redrhex_lowlevel_bridge.ros__parameters.rinbo.disabled_handshake_repeats,8,source profile; not necessarily active
src/redrhex_lowlevel_bridge/config/lowlevel_bridge_bench_safe.yaml,redrhex_lowlevel_bridge.ros__parameters.rinbo.require_downstream_output_ack,true,source profile; not necessarily active
src/redrhex_lowlevel_bridge/config/lowlevel_bridge_bench_safe.yaml,redrhex_lowlevel_bridge.ros__parameters.rinbo.downstream_output_ack_topic,"""/rinbo/motor_output_enabled""",source profile; not necessarily active
src/redrhex_lowlevel_bridge/config/lowlevel_bridge_bench_safe.yaml,redrhex_lowlevel_bridge.ros__parameters.rinbo.downstream_output_ack_timeout_s,0.1,source profile; not necessarily active
src/redrhex_lowlevel_bridge/config/lowlevel_bridge_bench_safe.yaml,redrhex_lowlevel_bridge.ros__parameters.rinbo.require_state,true,source profile; not necessarily active
src/redrhex_lowlevel_bridge/config/lowlevel_bridge_bench_safe.yaml,redrhex_lowlevel_bridge.ros__parameters.rinbo.block_if_duplicate_command_publishers,true,source profile; not necessarily active
src/redrhex_lowlevel_bridge/config/lowlevel_bridge_bench_safe.yaml,redrhex_lowlevel_bridge.ros__parameters.rinbo.state_timeout_s,0.25,source profile; not necessarily active
src/redrhex_lowlevel_bridge/config/lowlevel_bridge_bench_safe.yaml,redrhex_lowlevel_bridge.ros__parameters.rinbo.main_pwm_per_rad_s,40.0,source profile; not necessarily active
src/redrhex_lowlevel_bridge/config/lowlevel_bridge_bench_safe.yaml,redrhex_lowlevel_bridge.ros__parameters.rinbo.main_max_pwm,80.0,source profile; not necessarily active
src/redrhex_lowlevel_bridge/config/lowlevel_bridge_bench_safe.yaml,redrhex_lowlevel_bridge.ros__parameters.rinbo.main_pwm_slew_rate_per_s,250.0,source profile; not necessarily active
src/redrhex_lowlevel_bridge/config/lowlevel_bridge_bench_safe.yaml,redrhex_lowlevel_bridge.ros__parameters.rinbo.main_velocity_filter_alpha,0.35,source profile; not necessarily active
src/redrhex_lowlevel_bridge/config/lowlevel_bridge_bench_safe.yaml,redrhex_lowlevel_bridge.ros__parameters.rinbo.main_velocity_max_dt_s,0.2,source profile; not necessarily active
src/redrhex_lowlevel_bridge/config/lowlevel_bridge_bench_safe.yaml,redrhex_lowlevel_bridge.ros__parameters.rinbo.main_velocity_clip_rad_s,20.0,source profile; not necessarily active
src/redrhex_lowlevel_bridge/config/lowlevel_bridge_bench_safe.yaml,redrhex_lowlevel_bridge.ros__parameters.rinbo.max_main_target_velocity_rad_s,1.0,source profile; not necessarily active
src/redrhex_lowlevel_bridge/config/lowlevel_bridge_bench_safe.yaml,redrhex_lowlevel_bridge.ros__parameters.rinbo.max_abad_target_position_rad,0.18,source profile; not necessarily active
src/redrhex_lowlevel_bridge/config/lowlevel_bridge_bench_safe.yaml,redrhex_lowlevel_bridge.ros__parameters.rinbo.abad_encoder_counts_per_rad_rinbo_order,[],source profile; not necessarily active
src/redrhex_lowlevel_bridge/config/lowlevel_bridge_bench_safe.yaml,redrhex_lowlevel_bridge.ros__parameters.rinbo.require_exact_command_contract,true,source profile; not necessarily active
src/redrhex_lowlevel_bridge/config/lowlevel_bridge_bench_safe.yaml,redrhex_lowlevel_bridge.ros__parameters.rinbo.require_single_telemetry_publisher,true,source profile; not necessarily active
src/redrhex_lowlevel_bridge/config/lowlevel_bridge_bench_safe.yaml,redrhex_lowlevel_bridge.ros__parameters.rinbo.expected_telemetry_publisher_node,"""rinbo_ros2_bridge""",source profile; not necessarily active
src/redrhex_lowlevel_bridge/config/lowlevel_bridge_bench_safe.yaml,redrhex_lowlevel_bridge.ros__parameters.rinbo.require_monotonic_telemetry_stamp,true,source profile; not necessarily active
src/redrhex_lowlevel_bridge/config/lowlevel_bridge_bench_safe.yaml,redrhex_lowlevel_bridge.ros__parameters.rinbo.require_abad_command_calibration,true,source profile; not necessarily active
src/redrhex_lowlevel_bridge/config/lowlevel_bridge_bench_safe.yaml,redrhex_lowlevel_bridge.ros__parameters.rinbo.abad_command_calibrated,false,source profile; not necessarily active
src/redrhex_lowlevel_bridge/config/lowlevel_bridge_bench_safe.yaml,redrhex_lowlevel_bridge.ros__parameters.rinbo.require_power_state,true,source profile; not necessarily active
src/redrhex_lowlevel_bridge/config/lowlevel_bridge_bench_safe.yaml,redrhex_lowlevel_bridge.ros__parameters.rinbo.require_power_relay,true,source profile; not necessarily active
src/redrhex_lowlevel_bridge/config/lowlevel_bridge_bench_safe.yaml,redrhex_lowlevel_bridge.ros__parameters.rinbo.power_state_timeout_s,0.35,source profile; not necessarily active
src/redrhex_lowlevel_bridge/config/lowlevel_bridge_bench_safe.yaml,redrhex_lowlevel_bridge.ros__parameters.rinbo.command_timeout_s,0.1,source profile; not necessarily active
src/redrhex_lowlevel_bridge/config/lowlevel_bridge_bench_safe.yaml,redrhex_lowlevel_bridge.ros__parameters.rinbo.block_if_duplicate_upstream_publishers,true,source profile; not necessarily active
src/redrhex_lowlevel_bridge/config/lowlevel_bridge_bench_safe.yaml,redrhex_lowlevel_bridge.ros__parameters.rinbo.upstream_command_max_age_s,0.1,source profile; not necessarily active
src/redrhex_lowlevel_bridge/config/lowlevel_bridge_bench_safe.yaml,redrhex_lowlevel_bridge.ros__parameters.rinbo.recovery_healthy_samples,5,source profile; not necessarily active
src/redrhex_lowlevel_bridge/config/lowlevel_bridge_bench_safe.yaml,redrhex_lowlevel_bridge.ros__parameters.rinbo.power_bus_voltage_channel,7,source profile; not necessarily active
src/redrhex_lowlevel_bridge/config/lowlevel_bridge_bench_safe.yaml,redrhex_lowlevel_bridge.ros__parameters.rinbo.leg_current_channels_rinbo_order,"[1, 2, 3, 4, 5, 6]",source profile; not necessarily active
src/redrhex_lowlevel_bridge/config/lowlevel_bridge_bench_safe.yaml,redrhex_lowlevel_bridge.ros__parameters.rinbo.min_bus_voltage,18.0,source profile; not necessarily active
src/redrhex_lowlevel_bridge/config/lowlevel_bridge_bench_safe.yaml,redrhex_lowlevel_bridge.ros__parameters.rinbo.max_bus_voltage,30.0,source profile; not necessarily active
src/redrhex_lowlevel_bridge/config/lowlevel_bridge_bench_safe.yaml,redrhex_lowlevel_bridge.ros__parameters.rinbo.max_current_a,3.0,source profile; not necessarily active
src/redrhex_lowlevel_bridge/config/lowlevel_bridge_bench_safe.yaml,redrhex_lowlevel_bridge.ros__parameters.rinbo.current_trip_samples,3,source profile; not necessarily active
src/redrhex_lowlevel_bridge/config/lowlevel_bridge_bench_safe.yaml,redrhex_lowlevel_bridge.ros__parameters.rinbo.voltage_trip_samples,3,source profile; not necessarily active
src/redrhex_lowlevel_bridge/config/lowlevel_bridge_bench_safe.yaml,redrhex_lowlevel_bridge.ros__parameters.rinbo.max_bus_current_a,30.0,source profile; not necessarily active
src/redrhex_lowlevel_bridge/config/lowlevel_bridge_bench_safe.yaml,redrhex_lowlevel_bridge.ros__parameters.rinbo.stop_on_bus_current_limit,false,source profile; not necessarily active
src/redrhex_lowlevel_bridge/config/lowlevel_bridge_sensor_v2_suspended_experimental.yaml,redrhex_lowlevel_bridge.ros__parameters.backend,"""biorola_ros""",source profile; not necessarily active
src/redrhex_lowlevel_bridge/config/lowlevel_bridge_sensor_v2_suspended_experimental.yaml,redrhex_lowlevel_bridge.ros__parameters.feedback_rate_hz,50.0,source profile; not necessarily active
src/redrhex_lowlevel_bridge/config/lowlevel_bridge_sensor_v2_suspended_experimental.yaml,redrhex_lowlevel_bridge.ros__parameters.hardware.disabled_legs,"[""L1""]",source profile; not necessarily active
src/redrhex_lowlevel_bridge/config/lowlevel_bridge_sensor_v2_suspended_experimental.yaml,redrhex_lowlevel_bridge.ros__parameters.hardware.max_disabled_legs,1,source profile; not necessarily active
src/redrhex_lowlevel_bridge/config/lowlevel_bridge_sensor_v2_suspended_experimental.yaml,redrhex_lowlevel_bridge.ros__parameters.rinbo.command_topic,"""/motor/command""",source profile; not necessarily active
src/redrhex_lowlevel_bridge/config/lowlevel_bridge_sensor_v2_suspended_experimental.yaml,redrhex_lowlevel_bridge.ros__parameters.rinbo.state_topic,"""/motor/state""",source profile; not necessarily active
src/redrhex_lowlevel_bridge/config/lowlevel_bridge_sensor_v2_suspended_experimental.yaml,redrhex_lowlevel_bridge.ros__parameters.rinbo.power_state_topic,"""/power/state""",source profile; not necessarily active
src/redrhex_lowlevel_bridge/config/lowlevel_bridge_sensor_v2_suspended_experimental.yaml,redrhex_lowlevel_bridge.ros__parameters.rinbo.joint_state_topic,"""/joint_states""",source profile; not necessarily active
src/redrhex_lowlevel_bridge/config/lowlevel_bridge_sensor_v2_suspended_experimental.yaml,redrhex_lowlevel_bridge.ros__parameters.rinbo.preview_topic,"""/redrhex/rinbo_motor_command_preview""",source profile; not necessarily active
src/redrhex_lowlevel_bridge/config/lowlevel_bridge_sensor_v2_suspended_experimental.yaml,redrhex_lowlevel_bridge.ros__parameters.rinbo.publish_preview,true,source profile; not necessarily active
src/redrhex_lowlevel_bridge/config/lowlevel_bridge_sensor_v2_suspended_experimental.yaml,redrhex_lowlevel_bridge.ros__parameters.rinbo.allow_enable,false,source profile; not necessarily active
src/redrhex_lowlevel_bridge/config/lowlevel_bridge_sensor_v2_suspended_experimental.yaml,redrhex_lowlevel_bridge.ros__parameters.rinbo.publish_when_disabled,false,source profile; not necessarily active
src/redrhex_lowlevel_bridge/config/lowlevel_bridge_sensor_v2_suspended_experimental.yaml,redrhex_lowlevel_bridge.ros__parameters.rinbo.disabled_servo_control_mode,0,source profile; not necessarily active
src/redrhex_lowlevel_bridge/config/lowlevel_bridge_sensor_v2_suspended_experimental.yaml,redrhex_lowlevel_bridge.ros__parameters.rinbo.publish_shutdown_disable,true,source profile; not necessarily active
src/redrhex_lowlevel_bridge/config/lowlevel_bridge_sensor_v2_suspended_experimental.yaml,redrhex_lowlevel_bridge.ros__parameters.rinbo.shutdown_disable_repeats,8,source profile; not necessarily active
src/redrhex_lowlevel_bridge/config/lowlevel_bridge_sensor_v2_suspended_experimental.yaml,redrhex_lowlevel_bridge.ros__parameters.rinbo.shutdown_disable_period_s,0.02,source profile; not necessarily active
src/redrhex_lowlevel_bridge/config/lowlevel_bridge_sensor_v2_suspended_experimental.yaml,redrhex_lowlevel_bridge.ros__parameters.rinbo.disabled_handshake_repeats,8,source profile; not necessarily active
src/redrhex_lowlevel_bridge/config/lowlevel_bridge_sensor_v2_suspended_experimental.yaml,redrhex_lowlevel_bridge.ros__parameters.rinbo.require_downstream_output_ack,true,source profile; not necessarily active
src/redrhex_lowlevel_bridge/config/lowlevel_bridge_sensor_v2_suspended_experimental.yaml,redrhex_lowlevel_bridge.ros__parameters.rinbo.downstream_output_ack_topic,"""/rinbo/motor_output_enabled""",source profile; not necessarily active
src/redrhex_lowlevel_bridge/config/lowlevel_bridge_sensor_v2_suspended_experimental.yaml,redrhex_lowlevel_bridge.ros__parameters.rinbo.downstream_output_ack_timeout_s,0.1,source profile; not necessarily active
src/redrhex_lowlevel_bridge/config/lowlevel_bridge_sensor_v2_suspended_experimental.yaml,redrhex_lowlevel_bridge.ros__parameters.rinbo.require_state,true,source profile; not necessarily active
src/redrhex_lowlevel_bridge/config/lowlevel_bridge_sensor_v2_suspended_experimental.yaml,redrhex_lowlevel_bridge.ros__parameters.rinbo.block_if_duplicate_command_publishers,true,source profile; not necessarily active
src/redrhex_lowlevel_bridge/config/lowlevel_bridge_sensor_v2_suspended_experimental.yaml,redrhex_lowlevel_bridge.ros__parameters.rinbo.state_timeout_s,0.25,source profile; not necessarily active
src/redrhex_lowlevel_bridge/config/lowlevel_bridge_sensor_v2_suspended_experimental.yaml,redrhex_lowlevel_bridge.ros__parameters.rinbo.main_position_counts_per_rev,54984.83,source profile; not necessarily active
src/redrhex_lowlevel_bridge/config/lowlevel_bridge_sensor_v2_suspended_experimental.yaml,redrhex_lowlevel_bridge.ros__parameters.rinbo.main_encoder_zero_counts_rinbo_order,"[0.0, 0.0, 0.0, 0.0, 0.0, 0.0]",source profile; not necessarily active
src/redrhex_lowlevel_bridge/config/lowlevel_bridge_sensor_v2_suspended_experimental.yaml,redrhex_lowlevel_bridge.ros__parameters.rinbo.main_encoder_sign_rinbo_order,"[-1.0, -1.0, -1.0, 1.0, 1.0, 1.0]",source profile; not necessarily active
src/redrhex_lowlevel_bridge/config/lowlevel_bridge_sensor_v2_suspended_experimental.yaml,redrhex_lowlevel_bridge.ros__parameters.rinbo.main_velocity_sign_policy_order,"[1.0, 1.0, 1.0, 1.0, 1.0, 1.0]",source profile; not necessarily active
src/redrhex_lowlevel_bridge/config/lowlevel_bridge_sensor_v2_suspended_experimental.yaml,redrhex_lowlevel_bridge.ros__parameters.rinbo.main_direction_positive_rinbo_order,"[true, true, true, false, false, false]",source profile; not necessarily active
src/redrhex_lowlevel_bridge/config/lowlevel_bridge_sensor_v2_suspended_experimental.yaml,redrhex_lowlevel_bridge.ros__parameters.rinbo.main_pwm_per_rad_s,40.0,source profile; not necessarily active
src/redrhex_lowlevel_bridge/config/lowlevel_bridge_sensor_v2_suspended_experimental.yaml,redrhex_lowlevel_bridge.ros__parameters.rinbo.main_max_pwm,80.0,source profile; not necessarily active
src/redrhex_lowlevel_bridge/config/lowlevel_bridge_sensor_v2_suspended_experimental.yaml,redrhex_lowlevel_bridge.ros__parameters.rinbo.main_pwm_slew_rate_per_s,250.0,source profile; not necessarily active
src/redrhex_lowlevel_bridge/config/lowlevel_bridge_sensor_v2_suspended_experimental.yaml,redrhex_lowlevel_bridge.ros__parameters.rinbo.main_velocity_filter_alpha,0.35,source profile; not necessarily active
src/redrhex_lowlevel_bridge/config/lowlevel_bridge_sensor_v2_suspended_experimental.yaml,redrhex_lowlevel_bridge.ros__parameters.rinbo.main_velocity_max_dt_s,0.2,source profile; not necessarily active
src/redrhex_lowlevel_bridge/config/lowlevel_bridge_sensor_v2_suspended_experimental.yaml,redrhex_lowlevel_bridge.ros__parameters.rinbo.main_velocity_clip_rad_s,20.0,source profile; not necessarily active
src/redrhex_lowlevel_bridge/config/lowlevel_bridge_sensor_v2_suspended_experimental.yaml,redrhex_lowlevel_bridge.ros__parameters.rinbo.max_main_target_velocity_rad_s,1.0,source profile; not necessarily active
src/redrhex_lowlevel_bridge/config/lowlevel_bridge_sensor_v2_suspended_experimental.yaml,redrhex_lowlevel_bridge.ros__parameters.rinbo.require_main_drive_calibration,true,source profile; not necessarily active
src/redrhex_lowlevel_bridge/config/lowlevel_bridge_sensor_v2_suspended_experimental.yaml,redrhex_lowlevel_bridge.ros__parameters.rinbo.main_drive_calibrated,false,source profile; not necessarily active
src/redrhex_lowlevel_bridge/config/lowlevel_bridge_sensor_v2_suspended_experimental.yaml,redrhex_lowlevel_bridge.ros__parameters.rinbo.abad_encoder_zero_rinbo_order,"[740, 2565, 3283, 1944, 2071, 989]",source profile; not necessarily active
src/redrhex_lowlevel_bridge/config/lowlevel_bridge_sensor_v2_suspended_experimental.yaml,redrhex_lowlevel_bridge.ros__parameters.rinbo.abad_encoder_counts_per_rad,1000.0,source profile; not necessarily active
src/redrhex_lowlevel_bridge/config/lowlevel_bridge_sensor_v2_suspended_experimental.yaml,redrhex_lowlevel_bridge.ros__parameters.rinbo.abad_encoder_counts_per_rad_rinbo_order,"[1000.0, 1000.0, 1000.0, 1000.0, 1000.0, 1000.0]",source profile; not necessarily active
src/redrhex_lowlevel_bridge/config/lowlevel_bridge_sensor_v2_suspended_experimental.yaml,redrhex_lowlevel_bridge.ros__parameters.rinbo.abad_encoder_min,0,source profile; not necessarily active
src/redrhex_lowlevel_bridge/config/lowlevel_bridge_sensor_v2_suspended_experimental.yaml,redrhex_lowlevel_bridge.ros__parameters.rinbo.abad_encoder_max,65535,source profile; not necessarily active
src/redrhex_lowlevel_bridge/config/lowlevel_bridge_sensor_v2_suspended_experimental.yaml,redrhex_lowlevel_bridge.ros__parameters.rinbo.abad_sign_rinbo_order,"[1.0, 1.0, 1.0, 1.0, 1.0, 1.0]",source profile; not necessarily active
src/redrhex_lowlevel_bridge/config/lowlevel_bridge_sensor_v2_suspended_experimental.yaml,redrhex_lowlevel_bridge.ros__parameters.rinbo.servo_control_mode,2,source profile; not necessarily active
src/redrhex_lowlevel_bridge/config/lowlevel_bridge_sensor_v2_suspended_experimental.yaml,redrhex_lowlevel_bridge.ros__parameters.rinbo.max_abad_target_position_rad,0.18,source profile; not necessarily active
src/redrhex_lowlevel_bridge/config/lowlevel_bridge_sensor_v2_suspended_experimental.yaml,redrhex_lowlevel_bridge.ros__parameters.rinbo.require_exact_command_contract,true,source profile; not necessarily active
src/redrhex_lowlevel_bridge/config/lowlevel_bridge_sensor_v2_suspended_experimental.yaml,redrhex_lowlevel_bridge.ros__parameters.rinbo.require_single_telemetry_publisher,true,source profile; not necessarily active
src/redrhex_lowlevel_bridge/config/lowlevel_bridge_sensor_v2_suspended_experimental.yaml,redrhex_lowlevel_bridge.ros__parameters.rinbo.expected_telemetry_publisher_node,"""rinbo_ros2_bridge""",source profile; not necessarily active
src/redrhex_lowlevel_bridge/config/lowlevel_bridge_sensor_v2_suspended_experimental.yaml,redrhex_lowlevel_bridge.ros__parameters.rinbo.require_monotonic_telemetry_stamp,true,source profile; not necessarily active
src/redrhex_lowlevel_bridge/config/lowlevel_bridge_sensor_v2_suspended_experimental.yaml,redrhex_lowlevel_bridge.ros__parameters.rinbo.publish_abad_joint_feedback,true,source profile; not necessarily active
src/redrhex_lowlevel_bridge/config/lowlevel_bridge_sensor_v2_suspended_experimental.yaml,redrhex_lowlevel_bridge.ros__parameters.rinbo.abad_feedback_calibrated,false,source profile; not necessarily active
src/redrhex_lowlevel_bridge/config/lowlevel_bridge_sensor_v2_suspended_experimental.yaml,redrhex_lowlevel_bridge.ros__parameters.rinbo.require_abad_command_calibration,true,source profile; not necessarily active
src/redrhex_lowlevel_bridge/config/lowlevel_bridge_sensor_v2_suspended_experimental.yaml,redrhex_lowlevel_bridge.ros__parameters.rinbo.abad_command_calibrated,false,source profile; not necessarily active
src/redrhex_lowlevel_bridge/config/lowlevel_bridge_sensor_v2_suspended_experimental.yaml,redrhex_lowlevel_bridge.ros__parameters.rinbo.require_power_state,true,source profile; not necessarily active
src/redrhex_lowlevel_bridge/config/lowlevel_bridge_sensor_v2_suspended_experimental.yaml,redrhex_lowlevel_bridge.ros__parameters.rinbo.require_power_relay,true,source profile; not necessarily active
src/redrhex_lowlevel_bridge/config/lowlevel_bridge_sensor_v2_suspended_experimental.yaml,redrhex_lowlevel_bridge.ros__parameters.rinbo.power_state_timeout_s,0.35,source profile; not necessarily active
src/redrhex_lowlevel_bridge/config/lowlevel_bridge_sensor_v2_suspended_experimental.yaml,redrhex_lowlevel_bridge.ros__parameters.rinbo.command_timeout_s,0.1,source profile; not necessarily active
src/redrhex_lowlevel_bridge/config/lowlevel_bridge_sensor_v2_suspended_experimental.yaml,redrhex_lowlevel_bridge.ros__parameters.rinbo.block_if_duplicate_upstream_publishers,true,source profile; not necessarily active
src/redrhex_lowlevel_bridge/config/lowlevel_bridge_sensor_v2_suspended_experimental.yaml,redrhex_lowlevel_bridge.ros__parameters.rinbo.expected_upstream_command_publisher_node,"""/redrhex_rl_controller""",source profile; not necessarily active
src/redrhex_lowlevel_bridge/config/lowlevel_bridge_sensor_v2_suspended_experimental.yaml,redrhex_lowlevel_bridge.ros__parameters.rinbo.upstream_command_max_age_s,0.1,source profile; not necessarily active
src/redrhex_lowlevel_bridge/config/lowlevel_bridge_sensor_v2_suspended_experimental.yaml,redrhex_lowlevel_bridge.ros__parameters.rinbo.recovery_healthy_samples,5,source profile; not necessarily active
src/redrhex_lowlevel_bridge/config/lowlevel_bridge_sensor_v2_suspended_experimental.yaml,redrhex_lowlevel_bridge.ros__parameters.rinbo.power_bus_voltage_channel,7,source profile; not necessarily active
src/redrhex_lowlevel_bridge/config/lowlevel_bridge_sensor_v2_suspended_experimental.yaml,redrhex_lowlevel_bridge.ros__parameters.rinbo.leg_current_channels_rinbo_order,"[1, 2, 3, 4, 5, 6]",source profile; not necessarily active
src/redrhex_lowlevel_bridge/config/lowlevel_bridge_sensor_v2_suspended_experimental.yaml,redrhex_lowlevel_bridge.ros__parameters.rinbo.min_bus_voltage,18.0,source profile; not necessarily active
src/redrhex_lowlevel_bridge/config/lowlevel_bridge_sensor_v2_suspended_experimental.yaml,redrhex_lowlevel_bridge.ros__parameters.rinbo.max_bus_voltage,42.0,source profile; not necessarily active
src/redrhex_lowlevel_bridge/config/lowlevel_bridge_sensor_v2_suspended_experimental.yaml,redrhex_lowlevel_bridge.ros__parameters.rinbo.max_current_a,5.0,source profile; not necessarily active
src/redrhex_lowlevel_bridge/config/lowlevel_bridge_sensor_v2_suspended_experimental.yaml,redrhex_lowlevel_bridge.ros__parameters.rinbo.current_trip_samples,10,source profile; not necessarily active
src/redrhex_lowlevel_bridge/config/lowlevel_bridge_sensor_v2_suspended_experimental.yaml,redrhex_lowlevel_bridge.ros__parameters.rinbo.voltage_trip_samples,3,source profile; not necessarily active
src/redrhex_lowlevel_bridge/config/lowlevel_bridge_sensor_v2_suspended_experimental.yaml,redrhex_lowlevel_bridge.ros__parameters.rinbo.max_bus_current_a,30.0,source profile; not necessarily active
src/redrhex_lowlevel_bridge/config/lowlevel_bridge_sensor_v2_suspended_experimental.yaml,redrhex_lowlevel_bridge.ros__parameters.rinbo.stop_on_bus_current_limit,false,source profile; not necessarily active
src/redrhex_lowlevel_bridge/config/lowlevel_bridge_encoder_only_rig.yaml,redrhex_lowlevel_bridge.ros__parameters.backend,"""biorola_ros""",source profile; not necessarily active
src/redrhex_lowlevel_bridge/config/lowlevel_bridge_encoder_only_rig.yaml,redrhex_lowlevel_bridge.ros__parameters.feedback_rate_hz,50.0,source profile; not necessarily active
src/redrhex_lowlevel_bridge/config/lowlevel_bridge_encoder_only_rig.yaml,redrhex_lowlevel_bridge.ros__parameters.hardware.disabled_legs,[],source profile; not necessarily active
src/redrhex_lowlevel_bridge/config/lowlevel_bridge_encoder_only_rig.yaml,redrhex_lowlevel_bridge.ros__parameters.hardware.max_disabled_legs,1,source profile; not necessarily active
src/redrhex_lowlevel_bridge/config/lowlevel_bridge_encoder_only_rig.yaml,redrhex_lowlevel_bridge.ros__parameters.rinbo.command_topic,"""/motor/command""",source profile; not necessarily active
src/redrhex_lowlevel_bridge/config/lowlevel_bridge_encoder_only_rig.yaml,redrhex_lowlevel_bridge.ros__parameters.rinbo.state_topic,"""/motor/state""",source profile; not necessarily active
src/redrhex_lowlevel_bridge/config/lowlevel_bridge_encoder_only_rig.yaml,redrhex_lowlevel_bridge.ros__parameters.rinbo.power_state_topic,"""/power/state""",source profile; not necessarily active
src/redrhex_lowlevel_bridge/config/lowlevel_bridge_encoder_only_rig.yaml,redrhex_lowlevel_bridge.ros__parameters.rinbo.joint_state_topic,"""/joint_states""",source profile; not necessarily active
src/redrhex_lowlevel_bridge/config/lowlevel_bridge_encoder_only_rig.yaml,redrhex_lowlevel_bridge.ros__parameters.rinbo.preview_topic,"""/redrhex/rinbo_motor_command_preview""",source profile; not necessarily active
src/redrhex_lowlevel_bridge/config/lowlevel_bridge_encoder_only_rig.yaml,redrhex_lowlevel_bridge.ros__parameters.rinbo.publish_preview,true,source profile; not necessarily active
src/redrhex_lowlevel_bridge/config/lowlevel_bridge_encoder_only_rig.yaml,redrhex_lowlevel_bridge.ros__parameters.rinbo.allow_enable,false,source profile; not necessarily active
src/redrhex_lowlevel_bridge/config/lowlevel_bridge_encoder_only_rig.yaml,redrhex_lowlevel_bridge.ros__parameters.rinbo.publish_when_disabled,false,source profile; not necessarily active
src/redrhex_lowlevel_bridge/config/lowlevel_bridge_encoder_only_rig.yaml,redrhex_lowlevel_bridge.ros__parameters.rinbo.disabled_servo_control_mode,0,source profile; not necessarily active
src/redrhex_lowlevel_bridge/config/lowlevel_bridge_encoder_only_rig.yaml,redrhex_lowlevel_bridge.ros__parameters.rinbo.publish_shutdown_disable,true,source profile; not necessarily active
src/redrhex_lowlevel_bridge/config/lowlevel_bridge_encoder_only_rig.yaml,redrhex_lowlevel_bridge.ros__parameters.rinbo.shutdown_disable_repeats,8,source profile; not necessarily active
src/redrhex_lowlevel_bridge/config/lowlevel_bridge_encoder_only_rig.yaml,redrhex_lowlevel_bridge.ros__parameters.rinbo.shutdown_disable_period_s,0.02,source profile; not necessarily active
src/redrhex_lowlevel_bridge/config/lowlevel_bridge_encoder_only_rig.yaml,redrhex_lowlevel_bridge.ros__parameters.rinbo.disabled_handshake_repeats,8,source profile; not necessarily active
src/redrhex_lowlevel_bridge/config/lowlevel_bridge_encoder_only_rig.yaml,redrhex_lowlevel_bridge.ros__parameters.rinbo.require_downstream_output_ack,true,source profile; not necessarily active
src/redrhex_lowlevel_bridge/config/lowlevel_bridge_encoder_only_rig.yaml,redrhex_lowlevel_bridge.ros__parameters.rinbo.downstream_output_ack_topic,"""/rinbo/motor_output_enabled""",source profile; not necessarily active
src/redrhex_lowlevel_bridge/config/lowlevel_bridge_encoder_only_rig.yaml,redrhex_lowlevel_bridge.ros__parameters.rinbo.downstream_output_ack_timeout_s,0.1,source profile; not necessarily active
src/redrhex_lowlevel_bridge/config/lowlevel_bridge_encoder_only_rig.yaml,redrhex_lowlevel_bridge.ros__parameters.rinbo.require_state,true,source profile; not necessarily active
src/redrhex_lowlevel_bridge/config/lowlevel_bridge_encoder_only_rig.yaml,redrhex_lowlevel_bridge.ros__parameters.rinbo.block_if_duplicate_command_publishers,true,source profile; not necessarily active
src/redrhex_lowlevel_bridge/config/lowlevel_bridge_encoder_only_rig.yaml,redrhex_lowlevel_bridge.ros__parameters.rinbo.state_timeout_s,0.25,source profile; not necessarily active
src/redrhex_lowlevel_bridge/config/lowlevel_bridge_encoder_only_rig.yaml,redrhex_lowlevel_bridge.ros__parameters.rinbo.main_position_counts_per_rev,54984.83,source profile; not necessarily active
src/redrhex_lowlevel_bridge/config/lowlevel_bridge_encoder_only_rig.yaml,redrhex_lowlevel_bridge.ros__parameters.rinbo.main_encoder_zero_counts_rinbo_order,"[0.0, 0.0, 0.0, 0.0, 0.0, 0.0]",source profile; not necessarily active
src/redrhex_lowlevel_bridge/config/lowlevel_bridge_encoder_only_rig.yaml,redrhex_lowlevel_bridge.ros__parameters.rinbo.main_encoder_sign_rinbo_order,"[-1.0, -1.0, -1.0, 1.0, 1.0, 1.0]",source profile; not necessarily active
src/redrhex_lowlevel_bridge/config/lowlevel_bridge_encoder_only_rig.yaml,redrhex_lowlevel_bridge.ros__parameters.rinbo.main_velocity_sign_policy_order,"[1.0, 1.0, 1.0, 1.0, 1.0, 1.0]",source profile; not necessarily active
src/redrhex_lowlevel_bridge/config/lowlevel_bridge_encoder_only_rig.yaml,redrhex_lowlevel_bridge.ros__parameters.rinbo.main_direction_positive_rinbo_order,"[true, true, true, false, false, false]",source profile; not necessarily active
src/redrhex_lowlevel_bridge/config/lowlevel_bridge_encoder_only_rig.yaml,redrhex_lowlevel_bridge.ros__parameters.rinbo.main_pwm_per_rad_s,40.0,source profile; not necessarily active
src/redrhex_lowlevel_bridge/config/lowlevel_bridge_encoder_only_rig.yaml,redrhex_lowlevel_bridge.ros__parameters.rinbo.main_max_pwm,80.0,source profile; not necessarily active
src/redrhex_lowlevel_bridge/config/lowlevel_bridge_encoder_only_rig.yaml,redrhex_lowlevel_bridge.ros__parameters.rinbo.main_pwm_slew_rate_per_s,250.0,source profile; not necessarily active
src/redrhex_lowlevel_bridge/config/lowlevel_bridge_encoder_only_rig.yaml,redrhex_lowlevel_bridge.ros__parameters.rinbo.main_velocity_filter_alpha,0.35,source profile; not necessarily active
src/redrhex_lowlevel_bridge/config/lowlevel_bridge_encoder_only_rig.yaml,redrhex_lowlevel_bridge.ros__parameters.rinbo.main_velocity_max_dt_s,0.2,source profile; not necessarily active
src/redrhex_lowlevel_bridge/config/lowlevel_bridge_encoder_only_rig.yaml,redrhex_lowlevel_bridge.ros__parameters.rinbo.main_velocity_clip_rad_s,20.0,source profile; not necessarily active
src/redrhex_lowlevel_bridge/config/lowlevel_bridge_encoder_only_rig.yaml,redrhex_lowlevel_bridge.ros__parameters.rinbo.max_main_target_velocity_rad_s,1.0,source profile; not necessarily active
src/redrhex_lowlevel_bridge/config/lowlevel_bridge_encoder_only_rig.yaml,redrhex_lowlevel_bridge.ros__parameters.rinbo.require_main_drive_calibration,true,source profile; not necessarily active
src/redrhex_lowlevel_bridge/config/lowlevel_bridge_encoder_only_rig.yaml,redrhex_lowlevel_bridge.ros__parameters.rinbo.main_drive_calibrated,false,source profile; not necessarily active
src/redrhex_lowlevel_bridge/config/lowlevel_bridge_encoder_only_rig.yaml,redrhex_lowlevel_bridge.ros__parameters.rinbo.abad_encoder_zero_rinbo_order,"[740, 2565, 3283, 1944, 2071, 989]",source profile; not necessarily active
src/redrhex_lowlevel_bridge/config/lowlevel_bridge_encoder_only_rig.yaml,redrhex_lowlevel_bridge.ros__parameters.rinbo.abad_encoder_counts_per_rad,1000.0,source profile; not necessarily active
src/redrhex_lowlevel_bridge/config/lowlevel_bridge_encoder_only_rig.yaml,redrhex_lowlevel_bridge.ros__parameters.rinbo.abad_encoder_counts_per_rad_rinbo_order,[],source profile; not necessarily active
src/redrhex_lowlevel_bridge/config/lowlevel_bridge_encoder_only_rig.yaml,redrhex_lowlevel_bridge.ros__parameters.rinbo.abad_encoder_min,0,source profile; not necessarily active
src/redrhex_lowlevel_bridge/config/lowlevel_bridge_encoder_only_rig.yaml,redrhex_lowlevel_bridge.ros__parameters.rinbo.abad_encoder_max,65535,source profile; not necessarily active
src/redrhex_lowlevel_bridge/config/lowlevel_bridge_encoder_only_rig.yaml,redrhex_lowlevel_bridge.ros__parameters.rinbo.abad_sign_rinbo_order,"[1.0, 1.0, 1.0, 1.0, 1.0, 1.0]",source profile; not necessarily active
src/redrhex_lowlevel_bridge/config/lowlevel_bridge_encoder_only_rig.yaml,redrhex_lowlevel_bridge.ros__parameters.rinbo.servo_control_mode,2,source profile; not necessarily active
src/redrhex_lowlevel_bridge/config/lowlevel_bridge_encoder_only_rig.yaml,redrhex_lowlevel_bridge.ros__parameters.rinbo.max_abad_target_position_rad,0.18,source profile; not necessarily active
src/redrhex_lowlevel_bridge/config/lowlevel_bridge_encoder_only_rig.yaml,redrhex_lowlevel_bridge.ros__parameters.rinbo.require_exact_command_contract,true,source profile; not necessarily active
src/redrhex_lowlevel_bridge/config/lowlevel_bridge_encoder_only_rig.yaml,redrhex_lowlevel_bridge.ros__parameters.rinbo.require_single_telemetry_publisher,true,source profile; not necessarily active
src/redrhex_lowlevel_bridge/config/lowlevel_bridge_encoder_only_rig.yaml,redrhex_lowlevel_bridge.ros__parameters.rinbo.expected_telemetry_publisher_node,"""rinbo_ros2_bridge""",source profile; not necessarily active
src/redrhex_lowlevel_bridge/config/lowlevel_bridge_encoder_only_rig.yaml,redrhex_lowlevel_bridge.ros__parameters.rinbo.require_monotonic_telemetry_stamp,true,source profile; not necessarily active
src/redrhex_lowlevel_bridge/config/lowlevel_bridge_encoder_only_rig.yaml,redrhex_lowlevel_bridge.ros__parameters.rinbo.publish_abad_joint_feedback,false,source profile; not necessarily active
src/redrhex_lowlevel_bridge/config/lowlevel_bridge_encoder_only_rig.yaml,redrhex_lowlevel_bridge.ros__parameters.rinbo.abad_feedback_calibrated,false,source profile; not necessarily active
src/redrhex_lowlevel_bridge/config/lowlevel_bridge_encoder_only_rig.yaml,redrhex_lowlevel_bridge.ros__parameters.rinbo.require_abad_command_calibration,true,source profile; not necessarily active
src/redrhex_lowlevel_bridge/config/lowlevel_bridge_encoder_only_rig.yaml,redrhex_lowlevel_bridge.ros__parameters.rinbo.abad_command_calibrated,false,source profile; not necessarily active
src/redrhex_lowlevel_bridge/config/lowlevel_bridge_encoder_only_rig.yaml,redrhex_lowlevel_bridge.ros__parameters.rinbo.require_power_state,true,source profile; not necessarily active
src/redrhex_lowlevel_bridge/config/lowlevel_bridge_encoder_only_rig.yaml,redrhex_lowlevel_bridge.ros__parameters.rinbo.require_power_relay,true,source profile; not necessarily active
src/redrhex_lowlevel_bridge/config/lowlevel_bridge_encoder_only_rig.yaml,redrhex_lowlevel_bridge.ros__parameters.rinbo.power_state_timeout_s,0.35,source profile; not necessarily active
src/redrhex_lowlevel_bridge/config/lowlevel_bridge_encoder_only_rig.yaml,redrhex_lowlevel_bridge.ros__parameters.rinbo.command_timeout_s,0.1,source profile; not necessarily active
src/redrhex_lowlevel_bridge/config/lowlevel_bridge_encoder_only_rig.yaml,redrhex_lowlevel_bridge.ros__parameters.rinbo.block_if_duplicate_upstream_publishers,true,source profile; not necessarily active
src/redrhex_lowlevel_bridge/config/lowlevel_bridge_encoder_only_rig.yaml,redrhex_lowlevel_bridge.ros__parameters.rinbo.expected_upstream_command_publisher_node,"""/redrhex_rl_controller""",source profile; not necessarily active
src/redrhex_lowlevel_bridge/config/lowlevel_bridge_encoder_only_rig.yaml,redrhex_lowlevel_bridge.ros__parameters.rinbo.upstream_command_max_age_s,0.1,source profile; not necessarily active
src/redrhex_lowlevel_bridge/config/lowlevel_bridge_encoder_only_rig.yaml,redrhex_lowlevel_bridge.ros__parameters.rinbo.recovery_healthy_samples,5,source profile; not necessarily active
src/redrhex_lowlevel_bridge/config/lowlevel_bridge_encoder_only_rig.yaml,redrhex_lowlevel_bridge.ros__parameters.rinbo.power_bus_voltage_channel,7,source profile; not necessarily active
src/redrhex_lowlevel_bridge/config/lowlevel_bridge_encoder_only_rig.yaml,redrhex_lowlevel_bridge.ros__parameters.rinbo.leg_current_channels_rinbo_order,"[1, 2, 3, 4, 5, 6]",source profile; not necessarily active
src/redrhex_lowlevel_bridge/config/lowlevel_bridge_encoder_only_rig.yaml,redrhex_lowlevel_bridge.ros__parameters.rinbo.min_bus_voltage,18.0,source profile; not necessarily active
src/redrhex_lowlevel_bridge/config/lowlevel_bridge_encoder_only_rig.yaml,redrhex_lowlevel_bridge.ros__parameters.rinbo.max_bus_voltage,42.0,source profile; not necessarily active
src/redrhex_lowlevel_bridge/config/lowlevel_bridge_encoder_only_rig.yaml,redrhex_lowlevel_bridge.ros__parameters.rinbo.max_current_a,5.0,source profile; not necessarily active
src/redrhex_lowlevel_bridge/config/lowlevel_bridge_encoder_only_rig.yaml,redrhex_lowlevel_bridge.ros__parameters.rinbo.current_trip_samples,10,source profile; not necessarily active
src/redrhex_lowlevel_bridge/config/lowlevel_bridge_encoder_only_rig.yaml,redrhex_lowlevel_bridge.ros__parameters.rinbo.voltage_trip_samples,3,source profile; not necessarily active
src/redrhex_lowlevel_bridge/config/lowlevel_bridge_encoder_only_rig.yaml,redrhex_lowlevel_bridge.ros__parameters.rinbo.max_bus_current_a,30.0,source profile; not necessarily active
src/redrhex_lowlevel_bridge/config/lowlevel_bridge_encoder_only_rig.yaml,redrhex_lowlevel_bridge.ros__parameters.rinbo.stop_on_bus_current_limit,false,source profile; not necessarily active
src/redrhex_lowlevel_bridge/config/lowlevel_bridge_locomotion_tune.yaml,redrhex_lowlevel_bridge.ros__parameters.backend,"""biorola_ros""",source profile; not necessarily active
src/redrhex_lowlevel_bridge/config/lowlevel_bridge_locomotion_tune.yaml,redrhex_lowlevel_bridge.ros__parameters.feedback_rate_hz,50.0,source profile; not necessarily active
src/redrhex_lowlevel_bridge/config/lowlevel_bridge_locomotion_tune.yaml,redrhex_lowlevel_bridge.ros__parameters.hardware.disabled_legs,[],source profile; not necessarily active
src/redrhex_lowlevel_bridge/config/lowlevel_bridge_locomotion_tune.yaml,redrhex_lowlevel_bridge.ros__parameters.hardware.max_disabled_legs,1,source profile; not necessarily active
src/redrhex_lowlevel_bridge/config/lowlevel_bridge_locomotion_tune.yaml,redrhex_lowlevel_bridge.ros__parameters.rinbo.command_topic,"""/motor/command""",source profile; not necessarily active
src/redrhex_lowlevel_bridge/config/lowlevel_bridge_locomotion_tune.yaml,redrhex_lowlevel_bridge.ros__parameters.rinbo.state_topic,"""/motor/state""",source profile; not necessarily active
src/redrhex_lowlevel_bridge/config/lowlevel_bridge_locomotion_tune.yaml,redrhex_lowlevel_bridge.ros__parameters.rinbo.power_state_topic,"""/power/state""",source profile; not necessarily active
src/redrhex_lowlevel_bridge/config/lowlevel_bridge_locomotion_tune.yaml,redrhex_lowlevel_bridge.ros__parameters.rinbo.joint_state_topic,"""/joint_states""",source profile; not necessarily active
src/redrhex_lowlevel_bridge/config/lowlevel_bridge_locomotion_tune.yaml,redrhex_lowlevel_bridge.ros__parameters.rinbo.preview_topic,"""/redrhex/rinbo_motor_command_preview""",source profile; not necessarily active
src/redrhex_lowlevel_bridge/config/lowlevel_bridge_locomotion_tune.yaml,redrhex_lowlevel_bridge.ros__parameters.rinbo.publish_preview,true,source profile; not necessarily active
src/redrhex_lowlevel_bridge/config/lowlevel_bridge_locomotion_tune.yaml,redrhex_lowlevel_bridge.ros__parameters.rinbo.allow_enable,false,source profile; not necessarily active
src/redrhex_lowlevel_bridge/config/lowlevel_bridge_locomotion_tune.yaml,redrhex_lowlevel_bridge.ros__parameters.rinbo.publish_when_disabled,false,source profile; not necessarily active
src/redrhex_lowlevel_bridge/config/lowlevel_bridge_locomotion_tune.yaml,redrhex_lowlevel_bridge.ros__parameters.rinbo.disabled_servo_control_mode,0,source profile; not necessarily active
src/redrhex_lowlevel_bridge/config/lowlevel_bridge_locomotion_tune.yaml,redrhex_lowlevel_bridge.ros__parameters.rinbo.publish_shutdown_disable,true,source profile; not necessarily active
src/redrhex_lowlevel_bridge/config/lowlevel_bridge_locomotion_tune.yaml,redrhex_lowlevel_bridge.ros__parameters.rinbo.shutdown_disable_repeats,8,source profile; not necessarily active
src/redrhex_lowlevel_bridge/config/lowlevel_bridge_locomotion_tune.yaml,redrhex_lowlevel_bridge.ros__parameters.rinbo.shutdown_disable_period_s,0.02,source profile; not necessarily active
src/redrhex_lowlevel_bridge/config/lowlevel_bridge_locomotion_tune.yaml,redrhex_lowlevel_bridge.ros__parameters.rinbo.disabled_handshake_repeats,8,source profile; not necessarily active
src/redrhex_lowlevel_bridge/config/lowlevel_bridge_locomotion_tune.yaml,redrhex_lowlevel_bridge.ros__parameters.rinbo.require_downstream_output_ack,true,source profile; not necessarily active
src/redrhex_lowlevel_bridge/config/lowlevel_bridge_locomotion_tune.yaml,redrhex_lowlevel_bridge.ros__parameters.rinbo.downstream_output_ack_topic,"""/rinbo/motor_output_enabled""",source profile; not necessarily active
src/redrhex_lowlevel_bridge/config/lowlevel_bridge_locomotion_tune.yaml,redrhex_lowlevel_bridge.ros__parameters.rinbo.downstream_output_ack_timeout_s,0.1,source profile; not necessarily active
src/redrhex_lowlevel_bridge/config/lowlevel_bridge_locomotion_tune.yaml,redrhex_lowlevel_bridge.ros__parameters.rinbo.require_state,true,source profile; not necessarily active
src/redrhex_lowlevel_bridge/config/lowlevel_bridge_locomotion_tune.yaml,redrhex_lowlevel_bridge.ros__parameters.rinbo.block_if_duplicate_command_publishers,true,source profile; not necessarily active
src/redrhex_lowlevel_bridge/config/lowlevel_bridge_locomotion_tune.yaml,redrhex_lowlevel_bridge.ros__parameters.rinbo.state_timeout_s,0.25,source profile; not necessarily active
src/redrhex_lowlevel_bridge/config/lowlevel_bridge_locomotion_tune.yaml,redrhex_lowlevel_bridge.ros__parameters.rinbo.main_pwm_per_rad_s,40.0,source profile; not necessarily active
src/redrhex_lowlevel_bridge/config/lowlevel_bridge_locomotion_tune.yaml,redrhex_lowlevel_bridge.ros__parameters.rinbo.main_max_pwm,80.0,source profile; not necessarily active
src/redrhex_lowlevel_bridge/config/lowlevel_bridge_locomotion_tune.yaml,redrhex_lowlevel_bridge.ros__parameters.rinbo.main_pwm_slew_rate_per_s,250.0,source profile; not necessarily active
src/redrhex_lowlevel_bridge/config/lowlevel_bridge_locomotion_tune.yaml,redrhex_lowlevel_bridge.ros__parameters.rinbo.main_velocity_filter_alpha,0.35,source profile; not necessarily active
src/redrhex_lowlevel_bridge/config/lowlevel_bridge_locomotion_tune.yaml,redrhex_lowlevel_bridge.ros__parameters.rinbo.main_velocity_max_dt_s,0.2,source profile; not necessarily active
src/redrhex_lowlevel_bridge/config/lowlevel_bridge_locomotion_tune.yaml,redrhex_lowlevel_bridge.ros__parameters.rinbo.main_velocity_clip_rad_s,20.0,source profile; not necessarily active
src/redrhex_lowlevel_bridge/config/lowlevel_bridge_locomotion_tune.yaml,redrhex_lowlevel_bridge.ros__parameters.rinbo.max_main_target_velocity_rad_s,1.0,source profile; not necessarily active
src/redrhex_lowlevel_bridge/config/lowlevel_bridge_locomotion_tune.yaml,redrhex_lowlevel_bridge.ros__parameters.rinbo.max_abad_target_position_rad,0.45,source profile; not necessarily active
src/redrhex_lowlevel_bridge/config/lowlevel_bridge_locomotion_tune.yaml,redrhex_lowlevel_bridge.ros__parameters.rinbo.abad_encoder_counts_per_rad_rinbo_order,[],source profile; not necessarily active
src/redrhex_lowlevel_bridge/config/lowlevel_bridge_locomotion_tune.yaml,redrhex_lowlevel_bridge.ros__parameters.rinbo.require_exact_command_contract,true,source profile; not necessarily active
src/redrhex_lowlevel_bridge/config/lowlevel_bridge_locomotion_tune.yaml,redrhex_lowlevel_bridge.ros__parameters.rinbo.require_single_telemetry_publisher,true,source profile; not necessarily active
src/redrhex_lowlevel_bridge/config/lowlevel_bridge_locomotion_tune.yaml,redrhex_lowlevel_bridge.ros__parameters.rinbo.expected_telemetry_publisher_node,"""rinbo_ros2_bridge""",source profile; not necessarily active
src/redrhex_lowlevel_bridge/config/lowlevel_bridge_locomotion_tune.yaml,redrhex_lowlevel_bridge.ros__parameters.rinbo.require_monotonic_telemetry_stamp,true,source profile; not necessarily active
src/redrhex_lowlevel_bridge/config/lowlevel_bridge_locomotion_tune.yaml,redrhex_lowlevel_bridge.ros__parameters.rinbo.require_abad_command_calibration,true,source profile; not necessarily active
src/redrhex_lowlevel_bridge/config/lowlevel_bridge_locomotion_tune.yaml,redrhex_lowlevel_bridge.ros__parameters.rinbo.abad_command_calibrated,false,source profile; not necessarily active
src/redrhex_lowlevel_bridge/config/lowlevel_bridge_locomotion_tune.yaml,redrhex_lowlevel_bridge.ros__parameters.rinbo.require_power_state,true,source profile; not necessarily active
src/redrhex_lowlevel_bridge/config/lowlevel_bridge_locomotion_tune.yaml,redrhex_lowlevel_bridge.ros__parameters.rinbo.require_power_relay,true,source profile; not necessarily active
src/redrhex_lowlevel_bridge/config/lowlevel_bridge_locomotion_tune.yaml,redrhex_lowlevel_bridge.ros__parameters.rinbo.power_state_timeout_s,0.35,source profile; not necessarily active
src/redrhex_lowlevel_bridge/config/lowlevel_bridge_locomotion_tune.yaml,redrhex_lowlevel_bridge.ros__parameters.rinbo.command_timeout_s,0.1,source profile; not necessarily active
src/redrhex_lowlevel_bridge/config/lowlevel_bridge_locomotion_tune.yaml,redrhex_lowlevel_bridge.ros__parameters.rinbo.block_if_duplicate_upstream_publishers,true,source profile; not necessarily active
src/redrhex_lowlevel_bridge/config/lowlevel_bridge_locomotion_tune.yaml,redrhex_lowlevel_bridge.ros__parameters.rinbo.upstream_command_max_age_s,0.1,source profile; not necessarily active
src/redrhex_lowlevel_bridge/config/lowlevel_bridge_locomotion_tune.yaml,redrhex_lowlevel_bridge.ros__parameters.rinbo.recovery_healthy_samples,5,source profile; not necessarily active
src/redrhex_lowlevel_bridge/config/lowlevel_bridge_locomotion_tune.yaml,redrhex_lowlevel_bridge.ros__parameters.rinbo.power_bus_voltage_channel,7,source profile; not necessarily active
src/redrhex_lowlevel_bridge/config/lowlevel_bridge_locomotion_tune.yaml,redrhex_lowlevel_bridge.ros__parameters.rinbo.leg_current_channels_rinbo_order,"[1, 2, 3, 4, 5, 6]",source profile; not necessarily active
src/redrhex_lowlevel_bridge/config/lowlevel_bridge_locomotion_tune.yaml,redrhex_lowlevel_bridge.ros__parameters.rinbo.min_bus_voltage,18.0,source profile; not necessarily active
src/redrhex_lowlevel_bridge/config/lowlevel_bridge_locomotion_tune.yaml,redrhex_lowlevel_bridge.ros__parameters.rinbo.max_bus_voltage,30.0,source profile; not necessarily active
src/redrhex_lowlevel_bridge/config/lowlevel_bridge_locomotion_tune.yaml,redrhex_lowlevel_bridge.ros__parameters.rinbo.max_current_a,3.0,source profile; not necessarily active
src/redrhex_lowlevel_bridge/config/lowlevel_bridge_locomotion_tune.yaml,redrhex_lowlevel_bridge.ros__parameters.rinbo.current_trip_samples,3,source profile; not necessarily active
src/redrhex_lowlevel_bridge/config/lowlevel_bridge_locomotion_tune.yaml,redrhex_lowlevel_bridge.ros__parameters.rinbo.voltage_trip_samples,3,source profile; not necessarily active
src/redrhex_lowlevel_bridge/config/lowlevel_bridge_locomotion_tune.yaml,redrhex_lowlevel_bridge.ros__parameters.rinbo.max_bus_current_a,30.0,source profile; not necessarily active
src/redrhex_lowlevel_bridge/config/lowlevel_bridge_locomotion_tune.yaml,redrhex_lowlevel_bridge.ros__parameters.rinbo.stop_on_bus_current_limit,false,source profile; not necessarily active
src/redrhex_lowlevel_bridge/config/lowlevel_bridge_full_feedback_rig.yaml,redrhex_lowlevel_bridge.ros__parameters.backend,"""biorola_ros""",source profile; not necessarily active
src/redrhex_lowlevel_bridge/config/lowlevel_bridge_full_feedback_rig.yaml,redrhex_lowlevel_bridge.ros__parameters.feedback_rate_hz,50.0,source profile; not necessarily active
src/redrhex_lowlevel_bridge/config/lowlevel_bridge_full_feedback_rig.yaml,redrhex_lowlevel_bridge.ros__parameters.hardware.disabled_legs,"[""L1""]",source profile; not necessarily active
src/redrhex_lowlevel_bridge/config/lowlevel_bridge_full_feedback_rig.yaml,redrhex_lowlevel_bridge.ros__parameters.hardware.max_disabled_legs,1,source profile; not necessarily active
src/redrhex_lowlevel_bridge/config/lowlevel_bridge_full_feedback_rig.yaml,redrhex_lowlevel_bridge.ros__parameters.rinbo.command_topic,"""/motor/command""",source profile; not necessarily active
src/redrhex_lowlevel_bridge/config/lowlevel_bridge_full_feedback_rig.yaml,redrhex_lowlevel_bridge.ros__parameters.rinbo.state_topic,"""/motor/state""",source profile; not necessarily active
src/redrhex_lowlevel_bridge/config/lowlevel_bridge_full_feedback_rig.yaml,redrhex_lowlevel_bridge.ros__parameters.rinbo.power_state_topic,"""/power/state""",source profile; not necessarily active
src/redrhex_lowlevel_bridge/config/lowlevel_bridge_full_feedback_rig.yaml,redrhex_lowlevel_bridge.ros__parameters.rinbo.joint_state_topic,"""/joint_states""",source profile; not necessarily active
src/redrhex_lowlevel_bridge/config/lowlevel_bridge_full_feedback_rig.yaml,redrhex_lowlevel_bridge.ros__parameters.rinbo.preview_topic,"""/redrhex/rinbo_motor_command_preview""",source profile; not necessarily active
src/redrhex_lowlevel_bridge/config/lowlevel_bridge_full_feedback_rig.yaml,redrhex_lowlevel_bridge.ros__parameters.rinbo.publish_preview,true,source profile; not necessarily active
src/redrhex_lowlevel_bridge/config/lowlevel_bridge_full_feedback_rig.yaml,redrhex_lowlevel_bridge.ros__parameters.rinbo.allow_enable,false,source profile; not necessarily active
src/redrhex_lowlevel_bridge/config/lowlevel_bridge_full_feedback_rig.yaml,redrhex_lowlevel_bridge.ros__parameters.rinbo.publish_when_disabled,false,source profile; not necessarily active
src/redrhex_lowlevel_bridge/config/lowlevel_bridge_full_feedback_rig.yaml,redrhex_lowlevel_bridge.ros__parameters.rinbo.disabled_servo_control_mode,0,source profile; not necessarily active
src/redrhex_lowlevel_bridge/config/lowlevel_bridge_full_feedback_rig.yaml,redrhex_lowlevel_bridge.ros__parameters.rinbo.publish_shutdown_disable,true,source profile; not necessarily active
src/redrhex_lowlevel_bridge/config/lowlevel_bridge_full_feedback_rig.yaml,redrhex_lowlevel_bridge.ros__parameters.rinbo.shutdown_disable_repeats,8,source profile; not necessarily active
src/redrhex_lowlevel_bridge/config/lowlevel_bridge_full_feedback_rig.yaml,redrhex_lowlevel_bridge.ros__parameters.rinbo.shutdown_disable_period_s,0.02,source profile; not necessarily active
src/redrhex_lowlevel_bridge/config/lowlevel_bridge_full_feedback_rig.yaml,redrhex_lowlevel_bridge.ros__parameters.rinbo.disabled_handshake_repeats,8,source profile; not necessarily active
src/redrhex_lowlevel_bridge/config/lowlevel_bridge_full_feedback_rig.yaml,redrhex_lowlevel_bridge.ros__parameters.rinbo.require_downstream_output_ack,true,source profile; not necessarily active
src/redrhex_lowlevel_bridge/config/lowlevel_bridge_full_feedback_rig.yaml,redrhex_lowlevel_bridge.ros__parameters.rinbo.downstream_output_ack_topic,"""/rinbo/motor_output_enabled""",source profile; not necessarily active
src/redrhex_lowlevel_bridge/config/lowlevel_bridge_full_feedback_rig.yaml,redrhex_lowlevel_bridge.ros__parameters.rinbo.downstream_output_ack_timeout_s,0.1,source profile; not necessarily active
src/redrhex_lowlevel_bridge/config/lowlevel_bridge_full_feedback_rig.yaml,redrhex_lowlevel_bridge.ros__parameters.rinbo.require_state,true,source profile; not necessarily active
src/redrhex_lowlevel_bridge/config/lowlevel_bridge_full_feedback_rig.yaml,redrhex_lowlevel_bridge.ros__parameters.rinbo.block_if_duplicate_command_publishers,true,source profile; not necessarily active
src/redrhex_lowlevel_bridge/config/lowlevel_bridge_full_feedback_rig.yaml,redrhex_lowlevel_bridge.ros__parameters.rinbo.state_timeout_s,0.25,source profile; not necessarily active
src/redrhex_lowlevel_bridge/config/lowlevel_bridge_full_feedback_rig.yaml,redrhex_lowlevel_bridge.ros__parameters.rinbo.main_position_counts_per_rev,54984.83,source profile; not necessarily active
src/redrhex_lowlevel_bridge/config/lowlevel_bridge_full_feedback_rig.yaml,redrhex_lowlevel_bridge.ros__parameters.rinbo.main_encoder_zero_counts_rinbo_order,"[0.0, 0.0, 0.0, 0.0, 0.0, 0.0]",source profile; not necessarily active
src/redrhex_lowlevel_bridge/config/lowlevel_bridge_full_feedback_rig.yaml,redrhex_lowlevel_bridge.ros__parameters.rinbo.main_encoder_sign_rinbo_order,"[-1.0, -1.0, -1.0, 1.0, 1.0, 1.0]",source profile; not necessarily active
src/redrhex_lowlevel_bridge/config/lowlevel_bridge_full_feedback_rig.yaml,redrhex_lowlevel_bridge.ros__parameters.rinbo.main_velocity_sign_policy_order,"[1.0, 1.0, 1.0, 1.0, 1.0, 1.0]",source profile; not necessarily active
src/redrhex_lowlevel_bridge/config/lowlevel_bridge_full_feedback_rig.yaml,redrhex_lowlevel_bridge.ros__parameters.rinbo.main_direction_positive_rinbo_order,"[true, true, true, false, false, false]",source profile; not necessarily active
src/redrhex_lowlevel_bridge/config/lowlevel_bridge_full_feedback_rig.yaml,redrhex_lowlevel_bridge.ros__parameters.rinbo.main_pwm_per_rad_s,40.0,source profile; not necessarily active
src/redrhex_lowlevel_bridge/config/lowlevel_bridge_full_feedback_rig.yaml,redrhex_lowlevel_bridge.ros__parameters.rinbo.main_max_pwm,80.0,source profile; not necessarily active
src/redrhex_lowlevel_bridge/config/lowlevel_bridge_full_feedback_rig.yaml,redrhex_lowlevel_bridge.ros__parameters.rinbo.main_pwm_slew_rate_per_s,250.0,source profile; not necessarily active
src/redrhex_lowlevel_bridge/config/lowlevel_bridge_full_feedback_rig.yaml,redrhex_lowlevel_bridge.ros__parameters.rinbo.main_velocity_filter_alpha,0.35,source profile; not necessarily active
src/redrhex_lowlevel_bridge/config/lowlevel_bridge_full_feedback_rig.yaml,redrhex_lowlevel_bridge.ros__parameters.rinbo.main_velocity_max_dt_s,0.2,source profile; not necessarily active
src/redrhex_lowlevel_bridge/config/lowlevel_bridge_full_feedback_rig.yaml,redrhex_lowlevel_bridge.ros__parameters.rinbo.main_velocity_clip_rad_s,20.0,source profile; not necessarily active
src/redrhex_lowlevel_bridge/config/lowlevel_bridge_full_feedback_rig.yaml,redrhex_lowlevel_bridge.ros__parameters.rinbo.max_main_target_velocity_rad_s,1.0,source profile; not necessarily active
src/redrhex_lowlevel_bridge/config/lowlevel_bridge_full_feedback_rig.yaml,redrhex_lowlevel_bridge.ros__parameters.rinbo.require_main_drive_calibration,true,source profile; not necessarily active
src/redrhex_lowlevel_bridge/config/lowlevel_bridge_full_feedback_rig.yaml,redrhex_lowlevel_bridge.ros__parameters.rinbo.main_drive_calibrated,false,source profile; not necessarily active
src/redrhex_lowlevel_bridge/config/lowlevel_bridge_full_feedback_rig.yaml,redrhex_lowlevel_bridge.ros__parameters.rinbo.abad_encoder_zero_rinbo_order,"[740, 2565, 3283, 1944, 2071, 989]",source profile; not necessarily active
src/redrhex_lowlevel_bridge/config/lowlevel_bridge_full_feedback_rig.yaml,redrhex_lowlevel_bridge.ros__parameters.rinbo.abad_encoder_counts_per_rad,1000.0,source profile; not necessarily active
src/redrhex_lowlevel_bridge/config/lowlevel_bridge_full_feedback_rig.yaml,redrhex_lowlevel_bridge.ros__parameters.rinbo.abad_encoder_counts_per_rad_rinbo_order,"[1000.0, 1000.0, 1000.0, 1000.0, 1000.0, 1000.0]",source profile; not necessarily active
src/redrhex_lowlevel_bridge/config/lowlevel_bridge_full_feedback_rig.yaml,redrhex_lowlevel_bridge.ros__parameters.rinbo.abad_encoder_min,0,source profile; not necessarily active
src/redrhex_lowlevel_bridge/config/lowlevel_bridge_full_feedback_rig.yaml,redrhex_lowlevel_bridge.ros__parameters.rinbo.abad_encoder_max,65535,source profile; not necessarily active
src/redrhex_lowlevel_bridge/config/lowlevel_bridge_full_feedback_rig.yaml,redrhex_lowlevel_bridge.ros__parameters.rinbo.abad_sign_rinbo_order,"[1.0, 1.0, 1.0, 1.0, 1.0, 1.0]",source profile; not necessarily active
src/redrhex_lowlevel_bridge/config/lowlevel_bridge_full_feedback_rig.yaml,redrhex_lowlevel_bridge.ros__parameters.rinbo.servo_control_mode,2,source profile; not necessarily active
src/redrhex_lowlevel_bridge/config/lowlevel_bridge_full_feedback_rig.yaml,redrhex_lowlevel_bridge.ros__parameters.rinbo.max_abad_target_position_rad,0.18,source profile; not necessarily active
src/redrhex_lowlevel_bridge/config/lowlevel_bridge_full_feedback_rig.yaml,redrhex_lowlevel_bridge.ros__parameters.rinbo.require_exact_command_contract,true,source profile; not necessarily active
src/redrhex_lowlevel_bridge/config/lowlevel_bridge_full_feedback_rig.yaml,redrhex_lowlevel_bridge.ros__parameters.rinbo.require_single_telemetry_publisher,true,source profile; not necessarily active
src/redrhex_lowlevel_bridge/config/lowlevel_bridge_full_feedback_rig.yaml,redrhex_lowlevel_bridge.ros__parameters.rinbo.expected_telemetry_publisher_node,"""rinbo_ros2_bridge""",source profile; not necessarily active
src/redrhex_lowlevel_bridge/config/lowlevel_bridge_full_feedback_rig.yaml,redrhex_lowlevel_bridge.ros__parameters.rinbo.require_monotonic_telemetry_stamp,true,source profile; not necessarily active
src/redrhex_lowlevel_bridge/config/lowlevel_bridge_full_feedback_rig.yaml,redrhex_lowlevel_bridge.ros__parameters.rinbo.publish_abad_joint_feedback,true,source profile; not necessarily active
src/redrhex_lowlevel_bridge/config/lowlevel_bridge_full_feedback_rig.yaml,redrhex_lowlevel_bridge.ros__parameters.rinbo.abad_feedback_calibrated,false,source profile; not necessarily active
src/redrhex_lowlevel_bridge/config/lowlevel_bridge_full_feedback_rig.yaml,redrhex_lowlevel_bridge.ros__parameters.rinbo.require_abad_command_calibration,true,source profile; not necessarily active
src/redrhex_lowlevel_bridge/config/lowlevel_bridge_full_feedback_rig.yaml,redrhex_lowlevel_bridge.ros__parameters.rinbo.abad_command_calibrated,false,source profile; not necessarily active
src/redrhex_lowlevel_bridge/config/lowlevel_bridge_full_feedback_rig.yaml,redrhex_lowlevel_bridge.ros__parameters.rinbo.require_power_state,true,source profile; not necessarily active
src/redrhex_lowlevel_bridge/config/lowlevel_bridge_full_feedback_rig.yaml,redrhex_lowlevel_bridge.ros__parameters.rinbo.require_power_relay,true,source profile; not necessarily active
src/redrhex_lowlevel_bridge/config/lowlevel_bridge_full_feedback_rig.yaml,redrhex_lowlevel_bridge.ros__parameters.rinbo.power_state_timeout_s,0.35,source profile; not necessarily active
src/redrhex_lowlevel_bridge/config/lowlevel_bridge_full_feedback_rig.yaml,redrhex_lowlevel_bridge.ros__parameters.rinbo.command_timeout_s,0.1,source profile; not necessarily active
src/redrhex_lowlevel_bridge/config/lowlevel_bridge_full_feedback_rig.yaml,redrhex_lowlevel_bridge.ros__parameters.rinbo.block_if_duplicate_upstream_publishers,true,source profile; not necessarily active
src/redrhex_lowlevel_bridge/config/lowlevel_bridge_full_feedback_rig.yaml,redrhex_lowlevel_bridge.ros__parameters.rinbo.expected_upstream_command_publisher_node,"""/redrhex_rl_controller""",source profile; not necessarily active
src/redrhex_lowlevel_bridge/config/lowlevel_bridge_full_feedback_rig.yaml,redrhex_lowlevel_bridge.ros__parameters.rinbo.upstream_command_max_age_s,0.1,source profile; not necessarily active
src/redrhex_lowlevel_bridge/config/lowlevel_bridge_full_feedback_rig.yaml,redrhex_lowlevel_bridge.ros__parameters.rinbo.recovery_healthy_samples,5,source profile; not necessarily active
src/redrhex_lowlevel_bridge/config/lowlevel_bridge_full_feedback_rig.yaml,redrhex_lowlevel_bridge.ros__parameters.rinbo.power_bus_voltage_channel,7,source profile; not necessarily active
src/redrhex_lowlevel_bridge/config/lowlevel_bridge_full_feedback_rig.yaml,redrhex_lowlevel_bridge.ros__parameters.rinbo.leg_current_channels_rinbo_order,"[1, 2, 3, 4, 5, 6]",source profile; not necessarily active
src/redrhex_lowlevel_bridge/config/lowlevel_bridge_full_feedback_rig.yaml,redrhex_lowlevel_bridge.ros__parameters.rinbo.min_bus_voltage,18.0,source profile; not necessarily active
src/redrhex_lowlevel_bridge/config/lowlevel_bridge_full_feedback_rig.yaml,redrhex_lowlevel_bridge.ros__parameters.rinbo.max_bus_voltage,42.0,source profile; not necessarily active
src/redrhex_lowlevel_bridge/config/lowlevel_bridge_full_feedback_rig.yaml,redrhex_lowlevel_bridge.ros__parameters.rinbo.max_current_a,5.0,source profile; not necessarily active
src/redrhex_lowlevel_bridge/config/lowlevel_bridge_full_feedback_rig.yaml,redrhex_lowlevel_bridge.ros__parameters.rinbo.current_trip_samples,10,source profile; not necessarily active
src/redrhex_lowlevel_bridge/config/lowlevel_bridge_full_feedback_rig.yaml,redrhex_lowlevel_bridge.ros__parameters.rinbo.voltage_trip_samples,3,source profile; not necessarily active
src/redrhex_lowlevel_bridge/config/lowlevel_bridge_full_feedback_rig.yaml,redrhex_lowlevel_bridge.ros__parameters.rinbo.max_bus_current_a,30.0,source profile; not necessarily active
src/redrhex_lowlevel_bridge/config/lowlevel_bridge_full_feedback_rig.yaml,redrhex_lowlevel_bridge.ros__parameters.rinbo.stop_on_bus_current_limit,false,source profile; not necessarily active
src/rinbo_data_recorder/config/logging_tripod_safety.yaml,rinbo_data_recorder.ros__parameters.output_root,"""~/rinbo_logs""",source profile; not necessarily active
src/rinbo_data_recorder/config/logging_tripod_safety.yaml,rinbo_data_recorder.ros__parameters.workspace_root,"""~/rinbo_ros_ws""",source profile; not necessarily active
src/rinbo_data_recorder/config/logging_tripod_safety.yaml,rinbo_data_recorder.ros__parameters.profile,"""tripod_safety""",source profile; not necessarily active
src/rinbo_data_recorder/config/logging_tripod_safety.yaml,rinbo_data_recorder.ros__parameters.run_name,"""rinbo_run""",source profile; not necessarily active
src/rinbo_data_recorder/config/logging_tripod_safety.yaml,rinbo_data_recorder.ros__parameters.auto_start,true,source profile; not necessarily active
src/rinbo_data_recorder/config/logging_tripod_safety.yaml,rinbo_data_recorder.ros__parameters.record_csv,true,source profile; not necessarily active
src/rinbo_data_recorder/config/logging_tripod_safety.yaml,rinbo_data_recorder.ros__parameters.summary_hz,100.0,source profile; not necessarily active
src/rinbo_data_recorder/config/logging_tripod_safety.yaml,rinbo_data_recorder.ros__parameters.csv_flush_every_n_rows,1,source profile; not necessarily active
src/rinbo_data_recorder/config/logging_tripod_safety.yaml,rinbo_data_recorder.ros__parameters.log.time,true,source profile; not necessarily active
src/rinbo_data_recorder/config/logging_tripod_safety.yaml,rinbo_data_recorder.ros__parameters.log.motor_state,true,source profile; not necessarily active
src/rinbo_data_recorder/config/logging_tripod_safety.yaml,rinbo_data_recorder.ros__parameters.log.motor_command,true,source profile; not necessarily active
src/rinbo_data_recorder/config/logging_tripod_safety.yaml,rinbo_data_recorder.ros__parameters.log.power_state,true,source profile; not necessarily active
src/rinbo_data_recorder/config/logging_tripod_safety.yaml,rinbo_data_recorder.ros__parameters.log.power_command,true,source profile; not necessarily active
src/rinbo_data_recorder/config/logging_tripod_safety.yaml,rinbo_data_recorder.ros__parameters.log.pid_data,true,source profile; not necessarily active
src/rinbo_data_recorder/config/logging_tripod_safety.yaml,rinbo_data_recorder.ros__parameters.log.controller_debug,true,source profile; not necessarily active
src/rinbo_data_recorder/config/logging_tripod_safety.yaml,rinbo_data_recorder.ros__parameters.log.safety,true,source profile; not necessarily active
src/rinbo_data_recorder/config/logging_tripod_safety.yaml,rinbo_data_recorder.ros__parameters.bag_topics,"[""/motor/state"", ""/motor/command"", ""/rinbo/monitor/motor_requested"", ""/rinbo/monitor/motor_forwarded"", ""/rinbo/motor_output_enabled"", ""/rinbo/motor_arbiter_ready"", ""/power/state"", ""/power/command"", ""/pid/data"", ""/rinbo/controller_debug"", ""/rinbo/safety_event"", ""/rosout""]",source profile; not necessarily active
src/rinbo_fsm/config/l1_degraded_test.yaml,rinbo_cali.ros__parameters.max_pwm,80.0,source profile; not necessarily active
src/rinbo_fsm/config/l1_degraded_test.yaml,rinbo_cali.ros__parameters.hardware.disabled_legs,"[""L1""]",source profile; not necessarily active
src/rinbo_fsm/config/l1_degraded_test.yaml,rinbo_cali.ros__parameters.hardware.max_disabled_legs,1,source profile; not necessarily active
src/rinbo_fsm/config/l1_degraded_test.yaml,rinbo_cali.ros__parameters.safety.servo_homing_timeout_s,10.0,source profile; not necessarily active
src/rinbo_fsm/config/l1_degraded_test.yaml,rinbo_cali.ros__parameters.safety.hall_search_timeout_s,12.0,source profile; not necessarily active
src/rinbo_fsm/config/l1_degraded_test.yaml,rinbo_cali.ros__parameters.safety.stop_timeout_s,2.0,source profile; not necessarily active
src/rinbo_fsm/config/l1_degraded_test.yaml,rinbo_cali.ros__parameters.safety.motor_state_timeout_s,0.25,source profile; not necessarily active
src/rinbo_fsm/config/l1_degraded_test.yaml,rinbo_cali.ros__parameters.safety.motor_state_source_max_age_s,0.1,source profile; not necessarily active
src/rinbo_fsm/config/l1_degraded_test.yaml,rinbo_cali.ros__parameters.safety.power_state_source_max_age_s,0.35,source profile; not necessarily active
src/rinbo_fsm/config/l1_degraded_test.yaml,rinbo_cali.ros__parameters.safety.motor_state_required_after_s,2.0,source profile; not necessarily active
src/rinbo_fsm/config/l1_degraded_test.yaml,rinbo_cali.ros__parameters.safety.power_guard_enabled,true,source profile; not necessarily active
src/rinbo_fsm/config/l1_degraded_test.yaml,rinbo_cali.ros__parameters.safety.stop_on_power_stale,true,source profile; not necessarily active
src/rinbo_fsm/config/l1_degraded_test.yaml,rinbo_cali.ros__parameters.safety.stop_on_voltage,true,source profile; not necessarily active
src/rinbo_fsm/config/l1_degraded_test.yaml,rinbo_cali.ros__parameters.safety.stop_on_current_limit,true,source profile; not necessarily active
src/rinbo_fsm/config/l1_degraded_test.yaml,rinbo_cali.ros__parameters.safety.stop_on_bus_current_limit,false,source profile; not necessarily active
src/rinbo_fsm/config/l1_degraded_test.yaml,rinbo_cali.ros__parameters.safety.require_power_relay,true,source profile; not necessarily active
src/rinbo_fsm/config/l1_degraded_test.yaml,rinbo_cali.ros__parameters.safety.power_bus_voltage_channel,7,source profile; not necessarily active
src/rinbo_fsm/config/l1_degraded_test.yaml,rinbo_cali.ros__parameters.safety.leg_current_channels,"[1, 2, 3, 4, 5, 6]",source profile; not necessarily active
src/rinbo_fsm/config/l1_degraded_test.yaml,rinbo_cali.ros__parameters.safety.min_bus_voltage,18.0,source profile; not necessarily active
src/rinbo_fsm/config/l1_degraded_test.yaml,rinbo_cali.ros__parameters.safety.max_bus_voltage,30.0,source profile; not necessarily active
src/rinbo_fsm/config/l1_degraded_test.yaml,rinbo_cali.ros__parameters.safety.max_current,3.0,source profile; not necessarily active
src/rinbo_fsm/config/l1_degraded_test.yaml,rinbo_cali.ros__parameters.safety.max_bus_current,30.0,source profile; not necessarily active
src/rinbo_fsm/config/l1_degraded_test.yaml,rinbo_cali.ros__parameters.safety.power_stale_seconds,0.5,source profile; not necessarily active
src/rinbo_fsm/config/l1_degraded_test.yaml,rinbo_cali.ros__parameters.safety.power_required_after_seconds,2.0,source profile; not necessarily active
src/rinbo_fsm/config/l1_degraded_test.yaml,rinbo_cali.ros__parameters.safety.voltage_trip_samples,5,source profile; not necessarily active
src/rinbo_fsm/config/l1_degraded_test.yaml,rinbo_cali.ros__parameters.safety.current_trip_samples,10,source profile; not necessarily active
src/rinbo_fsm/config/l1_degraded_test.yaml,rinbo_standing.ros__parameters.max_pwm,80.0,source profile; not necessarily active
src/rinbo_fsm/config/l1_degraded_test.yaml,rinbo_standing.ros__parameters.hardware.disabled_legs,"[""L1""]",source profile; not necessarily active
src/rinbo_fsm/config/l1_degraded_test.yaml,rinbo_standing.ros__parameters.hardware.max_disabled_legs,1,source profile; not necessarily active
src/rinbo_fsm/config/l1_degraded_test.yaml,rinbo_standing.ros__parameters.safety.hall_search_timeout_s,12.0,source profile; not necessarily active
src/rinbo_fsm/config/l1_degraded_test.yaml,rinbo_standing.ros__parameters.safety.rotate_timeout_s,7.0,source profile; not necessarily active
src/rinbo_fsm/config/l1_degraded_test.yaml,rinbo_standing.ros__parameters.safety.motor_state_timeout_s,0.25,source profile; not necessarily active
src/rinbo_fsm/config/l1_degraded_test.yaml,rinbo_standing.ros__parameters.safety.motor_state_source_max_age_s,0.1,source profile; not necessarily active
src/rinbo_fsm/config/l1_degraded_test.yaml,rinbo_standing.ros__parameters.safety.power_state_source_max_age_s,0.35,source profile; not necessarily active
src/rinbo_fsm/config/l1_degraded_test.yaml,rinbo_standing.ros__parameters.safety.motor_state_required_after_s,2.0,source profile; not necessarily active
src/rinbo_fsm/config/l1_degraded_test.yaml,rinbo_standing.ros__parameters.safety.power_guard_enabled,true,source profile; not necessarily active
src/rinbo_fsm/config/l1_degraded_test.yaml,rinbo_standing.ros__parameters.safety.stop_on_power_stale,true,source profile; not necessarily active
src/rinbo_fsm/config/l1_degraded_test.yaml,rinbo_standing.ros__parameters.safety.stop_on_voltage,true,source profile; not necessarily active
src/rinbo_fsm/config/l1_degraded_test.yaml,rinbo_standing.ros__parameters.safety.stop_on_current_limit,true,source profile; not necessarily active
src/rinbo_fsm/config/l1_degraded_test.yaml,rinbo_standing.ros__parameters.safety.stop_on_bus_current_limit,false,source profile; not necessarily active
src/rinbo_fsm/config/l1_degraded_test.yaml,rinbo_standing.ros__parameters.safety.require_power_relay,true,source profile; not necessarily active
src/rinbo_fsm/config/l1_degraded_test.yaml,rinbo_standing.ros__parameters.safety.power_bus_voltage_channel,7,source profile; not necessarily active
src/rinbo_fsm/config/l1_degraded_test.yaml,rinbo_standing.ros__parameters.safety.leg_current_channels,"[1, 2, 3, 4, 5, 6]",source profile; not necessarily active
src/rinbo_fsm/config/l1_degraded_test.yaml,rinbo_standing.ros__parameters.safety.min_bus_voltage,18.0,source profile; not necessarily active
src/rinbo_fsm/config/l1_degraded_test.yaml,rinbo_standing.ros__parameters.safety.max_bus_voltage,30.0,source profile; not necessarily active
src/rinbo_fsm/config/l1_degraded_test.yaml,rinbo_standing.ros__parameters.safety.max_current,3.0,source profile; not necessarily active
src/rinbo_fsm/config/l1_degraded_test.yaml,rinbo_standing.ros__parameters.safety.max_bus_current,30.0,source profile; not necessarily active
src/rinbo_fsm/config/l1_degraded_test.yaml,rinbo_standing.ros__parameters.safety.power_stale_seconds,0.5,source profile; not necessarily active
src/rinbo_fsm/config/l1_degraded_test.yaml,rinbo_standing.ros__parameters.safety.power_required_after_seconds,2.0,source profile; not necessarily active
src/rinbo_fsm/config/l1_degraded_test.yaml,rinbo_standing.ros__parameters.safety.voltage_trip_samples,5,source profile; not necessarily active
src/rinbo_fsm/config/l1_degraded_test.yaml,rinbo_standing.ros__parameters.safety.current_trip_samples,10,source profile; not necessarily active
src/rinbo_fsm/config/l1_degraded_test.yaml,rinbo_tripod_rslip.ros__parameters.hardware.disabled_legs,"[""L1""]",source profile; not necessarily active
src/rinbo_fsm/config/l1_degraded_test.yaml,rinbo_tripod_rslip.ros__parameters.hardware.max_disabled_legs,1,source profile; not necessarily active
src/rinbo_fsm/config/l1_degraded_test.yaml,rinbo_tripod_rslip.ros__parameters.kp,0.38,source profile; not necessarily active
src/rinbo_fsm/config/l1_degraded_test.yaml,rinbo_tripod_rslip.ros__parameters.kd,0.003,source profile; not necessarily active
src/rinbo_fsm/config/l1_degraded_test.yaml,rinbo_tripod_rslip.ros__parameters.k_ff,0.005,source profile; not necessarily active
src/rinbo_fsm/config/l1_degraded_test.yaml,rinbo_tripod_rslip.ros__parameters.startup_duration,8.0,source profile; not necessarily active
src/rinbo_fsm/config/l1_degraded_test.yaml,rinbo_tripod_rslip.ros__parameters.max_pwm,80.0,source profile; not necessarily active
src/rinbo_fsm/config/l1_degraded_test.yaml,rinbo_tripod_rslip.ros__parameters.start_ratio,8.0,source profile; not necessarily active
src/rinbo_fsm/config/l1_degraded_test.yaml,rinbo_tripod_rslip.ros__parameters.target_ratio,4.0,source profile; not necessarily active
src/rinbo_fsm/config/l1_degraded_test.yaml,rinbo_tripod_rslip.ros__parameters.ratio_step,-5e-05,source profile; not necessarily active
src/rinbo_fsm/config/l1_degraded_test.yaml,rinbo_tripod_rslip.ros__parameters.slowdown_step,0.002,source profile; not necessarily active
src/rinbo_fsm/config/l1_degraded_test.yaml,rinbo_tripod_rslip.ros__parameters.shutdown.slowdown_duration_s,2.0,source profile; not necessarily active
src/rinbo_fsm/config/l1_degraded_test.yaml,rinbo_tripod_rslip.ros__parameters.shutdown.timeout_s,5.0,source profile; not necessarily active
src/rinbo_fsm/config/l1_degraded_test.yaml,rinbo_tripod_rslip.ros__parameters.safety.enabled,true,source profile; not necessarily active
src/rinbo_fsm/config/l1_degraded_test.yaml,rinbo_tripod_rslip.ros__parameters.safety.stop_on_voltage_sag,true,source profile; not necessarily active
src/rinbo_fsm/config/l1_degraded_test.yaml,rinbo_tripod_rslip.ros__parameters.safety.stop_on_over_voltage,true,source profile; not necessarily active
src/rinbo_fsm/config/l1_degraded_test.yaml,rinbo_tripod_rslip.ros__parameters.safety.stop_on_current_limit,true,source profile; not necessarily active
src/rinbo_fsm/config/l1_degraded_test.yaml,rinbo_tripod_rslip.ros__parameters.safety.stop_on_bus_current_limit,false,source profile; not necessarily active
src/rinbo_fsm/config/l1_degraded_test.yaml,rinbo_tripod_rslip.ros__parameters.safety.require_power_relay,true,source profile; not necessarily active
src/rinbo_fsm/config/l1_degraded_test.yaml,rinbo_tripod_rslip.ros__parameters.safety.stop_on_power_stale,true,source profile; not necessarily active
src/rinbo_fsm/config/l1_degraded_test.yaml,rinbo_tripod_rslip.ros__parameters.safety.stop_on_position_error,true,source profile; not necessarily active
src/rinbo_fsm/config/l1_degraded_test.yaml,rinbo_tripod_rslip.ros__parameters.safety.enable_pwm_slew_limit,true,source profile; not necessarily active
src/rinbo_fsm/config/l1_degraded_test.yaml,rinbo_tripod_rslip.ros__parameters.safety.power_bus_voltage_channel,7,source profile; not necessarily active
src/rinbo_fsm/config/l1_degraded_test.yaml,rinbo_tripod_rslip.ros__parameters.safety.leg_current_channels,"[1, 2, 3, 4, 5, 6]",source profile; not necessarily active
src/rinbo_fsm/config/l1_degraded_test.yaml,rinbo_tripod_rslip.ros__parameters.safety.min_bus_voltage,18.0,source profile; not necessarily active
src/rinbo_fsm/config/l1_degraded_test.yaml,rinbo_tripod_rslip.ros__parameters.safety.max_bus_voltage,30.0,source profile; not necessarily active
src/rinbo_fsm/config/l1_degraded_test.yaml,rinbo_tripod_rslip.ros__parameters.safety.max_current,3.0,source profile; not necessarily active
src/rinbo_fsm/config/l1_degraded_test.yaml,rinbo_tripod_rslip.ros__parameters.safety.max_bus_current,30.0,source profile; not necessarily active
src/rinbo_fsm/config/l1_degraded_test.yaml,rinbo_tripod_rslip.ros__parameters.safety.max_position_error_counts,5000.0,source profile; not necessarily active
src/rinbo_fsm/config/l1_degraded_test.yaml,rinbo_tripod_rslip.ros__parameters.safety.pwm_slew_rate_per_sec,250.0,source profile; not necessarily active
src/rinbo_fsm/config/l1_degraded_test.yaml,rinbo_tripod_rslip.ros__parameters.safety.power_stale_seconds,0.5,source profile; not necessarily active
src/rinbo_fsm/config/l1_degraded_test.yaml,rinbo_tripod_rslip.ros__parameters.safety.power_required_after_seconds,2.0,source profile; not necessarily active
src/rinbo_fsm/config/l1_degraded_test.yaml,rinbo_tripod_rslip.ros__parameters.safety.motor_state_stale_seconds,0.25,source profile; not necessarily active
src/rinbo_fsm/config/l1_degraded_test.yaml,rinbo_tripod_rslip.ros__parameters.safety.motor_state_source_max_age_s,0.1,source profile; not necessarily active
src/rinbo_fsm/config/l1_degraded_test.yaml,rinbo_tripod_rslip.ros__parameters.safety.power_state_source_max_age_s,0.35,source profile; not necessarily active
src/rinbo_fsm/config/l1_degraded_test.yaml,rinbo_tripod_rslip.ros__parameters.safety.motor_state_required_after_seconds,2.0,source profile; not necessarily active
src/rinbo_fsm/config/l1_degraded_test.yaml,rinbo_tripod_rslip.ros__parameters.safety.voltage_trip_samples,5,source profile; not necessarily active
src/rinbo_fsm/config/l1_degraded_test.yaml,rinbo_tripod_rslip.ros__parameters.safety.current_trip_samples,10,source profile; not necessarily active
src/rinbo_fsm/config/l1_degraded_test.yaml,rinbo_tripod_rslip.ros__parameters.safety.position_error_trip_samples,10,source profile; not necessarily active
src/rinbo_fsm/config/disabled_leg_template.yaml,rinbo_cali.ros__parameters.max_pwm,80.0,source profile; not necessarily active
src/rinbo_fsm/config/disabled_leg_template.yaml,rinbo_cali.ros__parameters.hardware.disabled_legs,[],source profile; not necessarily active
src/rinbo_fsm/config/disabled_leg_template.yaml,rinbo_cali.ros__parameters.hardware.max_disabled_legs,1,source profile; not necessarily active
src/rinbo_fsm/config/disabled_leg_template.yaml,rinbo_cali.ros__parameters.safety.servo_homing_timeout_s,10.0,source profile; not necessarily active
src/rinbo_fsm/config/disabled_leg_template.yaml,rinbo_cali.ros__parameters.safety.hall_search_timeout_s,12.0,source profile; not necessarily active
src/rinbo_fsm/config/disabled_leg_template.yaml,rinbo_cali.ros__parameters.safety.stop_timeout_s,2.0,source profile; not necessarily active
src/rinbo_fsm/config/disabled_leg_template.yaml,rinbo_cali.ros__parameters.safety.motor_state_timeout_s,0.25,source profile; not necessarily active
src/rinbo_fsm/config/disabled_leg_template.yaml,rinbo_cali.ros__parameters.safety.motor_state_source_max_age_s,0.1,source profile; not necessarily active
src/rinbo_fsm/config/disabled_leg_template.yaml,rinbo_cali.ros__parameters.safety.power_state_source_max_age_s,0.35,source profile; not necessarily active
src/rinbo_fsm/config/disabled_leg_template.yaml,rinbo_cali.ros__parameters.safety.motor_state_required_after_s,2.0,source profile; not necessarily active
src/rinbo_fsm/config/disabled_leg_template.yaml,rinbo_cali.ros__parameters.safety.power_guard_enabled,true,source profile; not necessarily active
src/rinbo_fsm/config/disabled_leg_template.yaml,rinbo_cali.ros__parameters.safety.stop_on_power_stale,true,source profile; not necessarily active
src/rinbo_fsm/config/disabled_leg_template.yaml,rinbo_cali.ros__parameters.safety.stop_on_voltage,true,source profile; not necessarily active
src/rinbo_fsm/config/disabled_leg_template.yaml,rinbo_cali.ros__parameters.safety.stop_on_current_limit,true,source profile; not necessarily active
src/rinbo_fsm/config/disabled_leg_template.yaml,rinbo_cali.ros__parameters.safety.stop_on_bus_current_limit,false,source profile; not necessarily active
src/rinbo_fsm/config/disabled_leg_template.yaml,rinbo_cali.ros__parameters.safety.require_power_relay,true,source profile; not necessarily active
src/rinbo_fsm/config/disabled_leg_template.yaml,rinbo_cali.ros__parameters.safety.power_bus_voltage_channel,7,source profile; not necessarily active
src/rinbo_fsm/config/disabled_leg_template.yaml,rinbo_cali.ros__parameters.safety.leg_current_channels,"[1, 2, 3, 4, 5, 6]",source profile; not necessarily active
src/rinbo_fsm/config/disabled_leg_template.yaml,rinbo_cali.ros__parameters.safety.min_bus_voltage,18.0,source profile; not necessarily active
src/rinbo_fsm/config/disabled_leg_template.yaml,rinbo_cali.ros__parameters.safety.max_bus_voltage,30.0,source profile; not necessarily active
src/rinbo_fsm/config/disabled_leg_template.yaml,rinbo_cali.ros__parameters.safety.max_current,3.0,source profile; not necessarily active
src/rinbo_fsm/config/disabled_leg_template.yaml,rinbo_cali.ros__parameters.safety.max_bus_current,30.0,source profile; not necessarily active
src/rinbo_fsm/config/disabled_leg_template.yaml,rinbo_cali.ros__parameters.safety.power_stale_seconds,0.5,source profile; not necessarily active
src/rinbo_fsm/config/disabled_leg_template.yaml,rinbo_cali.ros__parameters.safety.power_required_after_seconds,2.0,source profile; not necessarily active
src/rinbo_fsm/config/disabled_leg_template.yaml,rinbo_cali.ros__parameters.safety.voltage_trip_samples,5,source profile; not necessarily active
src/rinbo_fsm/config/disabled_leg_template.yaml,rinbo_cali.ros__parameters.safety.current_trip_samples,10,source profile; not necessarily active
src/rinbo_fsm/config/disabled_leg_template.yaml,rinbo_standing.ros__parameters.max_pwm,80.0,source profile; not necessarily active
src/rinbo_fsm/config/disabled_leg_template.yaml,rinbo_standing.ros__parameters.hardware.disabled_legs,[],source profile; not necessarily active
src/rinbo_fsm/config/disabled_leg_template.yaml,rinbo_standing.ros__parameters.hardware.max_disabled_legs,1,source profile; not necessarily active
src/rinbo_fsm/config/disabled_leg_template.yaml,rinbo_standing.ros__parameters.safety.hall_search_timeout_s,12.0,source profile; not necessarily active
src/rinbo_fsm/config/disabled_leg_template.yaml,rinbo_standing.ros__parameters.safety.rotate_timeout_s,7.0,source profile; not necessarily active
src/rinbo_fsm/config/disabled_leg_template.yaml,rinbo_standing.ros__parameters.safety.motor_state_timeout_s,0.25,source profile; not necessarily active
src/rinbo_fsm/config/disabled_leg_template.yaml,rinbo_standing.ros__parameters.safety.motor_state_source_max_age_s,0.1,source profile; not necessarily active
src/rinbo_fsm/config/disabled_leg_template.yaml,rinbo_standing.ros__parameters.safety.power_state_source_max_age_s,0.35,source profile; not necessarily active
src/rinbo_fsm/config/disabled_leg_template.yaml,rinbo_standing.ros__parameters.safety.motor_state_required_after_s,2.0,source profile; not necessarily active
src/rinbo_fsm/config/disabled_leg_template.yaml,rinbo_standing.ros__parameters.safety.power_guard_enabled,true,source profile; not necessarily active
src/rinbo_fsm/config/disabled_leg_template.yaml,rinbo_standing.ros__parameters.safety.stop_on_power_stale,true,source profile; not necessarily active
src/rinbo_fsm/config/disabled_leg_template.yaml,rinbo_standing.ros__parameters.safety.stop_on_voltage,true,source profile; not necessarily active
src/rinbo_fsm/config/disabled_leg_template.yaml,rinbo_standing.ros__parameters.safety.stop_on_current_limit,true,source profile; not necessarily active
src/rinbo_fsm/config/disabled_leg_template.yaml,rinbo_standing.ros__parameters.safety.stop_on_bus_current_limit,false,source profile; not necessarily active
src/rinbo_fsm/config/disabled_leg_template.yaml,rinbo_standing.ros__parameters.safety.require_power_relay,true,source profile; not necessarily active
src/rinbo_fsm/config/disabled_leg_template.yaml,rinbo_standing.ros__parameters.safety.power_bus_voltage_channel,7,source profile; not necessarily active
src/rinbo_fsm/config/disabled_leg_template.yaml,rinbo_standing.ros__parameters.safety.leg_current_channels,"[1, 2, 3, 4, 5, 6]",source profile; not necessarily active
src/rinbo_fsm/config/disabled_leg_template.yaml,rinbo_standing.ros__parameters.safety.min_bus_voltage,18.0,source profile; not necessarily active
src/rinbo_fsm/config/disabled_leg_template.yaml,rinbo_standing.ros__parameters.safety.max_bus_voltage,30.0,source profile; not necessarily active
src/rinbo_fsm/config/disabled_leg_template.yaml,rinbo_standing.ros__parameters.safety.max_current,3.0,source profile; not necessarily active
src/rinbo_fsm/config/disabled_leg_template.yaml,rinbo_standing.ros__parameters.safety.max_bus_current,30.0,source profile; not necessarily active
src/rinbo_fsm/config/disabled_leg_template.yaml,rinbo_standing.ros__parameters.safety.power_stale_seconds,0.5,source profile; not necessarily active
src/rinbo_fsm/config/disabled_leg_template.yaml,rinbo_standing.ros__parameters.safety.power_required_after_seconds,2.0,source profile; not necessarily active
src/rinbo_fsm/config/disabled_leg_template.yaml,rinbo_standing.ros__parameters.safety.voltage_trip_samples,5,source profile; not necessarily active
src/rinbo_fsm/config/disabled_leg_template.yaml,rinbo_standing.ros__parameters.safety.current_trip_samples,10,source profile; not necessarily active
src/rinbo_fsm/config/disabled_leg_template.yaml,rinbo_tripod_rslip.ros__parameters.hardware.disabled_legs,[],source profile; not necessarily active
src/rinbo_fsm/config/disabled_leg_template.yaml,rinbo_tripod_rslip.ros__parameters.hardware.max_disabled_legs,1,source profile; not necessarily active
src/rinbo_fsm/config/disabled_leg_template.yaml,rinbo_tripod_rslip.ros__parameters.kp,0.38,source profile; not necessarily active
src/rinbo_fsm/config/disabled_leg_template.yaml,rinbo_tripod_rslip.ros__parameters.kd,0.003,source profile; not necessarily active
src/rinbo_fsm/config/disabled_leg_template.yaml,rinbo_tripod_rslip.ros__parameters.k_ff,0.005,source profile; not necessarily active
src/rinbo_fsm/config/disabled_leg_template.yaml,rinbo_tripod_rslip.ros__parameters.friction_pwm,0.0,source profile; not necessarily active
src/rinbo_fsm/config/disabled_leg_template.yaml,rinbo_tripod_rslip.ros__parameters.velocity_filter_time_constant_s,0.005,source profile; not necessarily active
src/rinbo_fsm/config/disabled_leg_template.yaml,rinbo_tripod_rslip.ros__parameters.startup_duration,8.0,source profile; not necessarily active
src/rinbo_fsm/config/disabled_leg_template.yaml,rinbo_tripod_rslip.ros__parameters.max_pwm,3300.0,source profile; not necessarily active
src/rinbo_fsm/config/disabled_leg_template.yaml,rinbo_tripod_rslip.ros__parameters.start_ratio,8.0,source profile; not necessarily active
src/rinbo_fsm/config/disabled_leg_template.yaml,rinbo_tripod_rslip.ros__parameters.target_ratio,1.0,source profile; not necessarily active
src/rinbo_fsm/config/disabled_leg_template.yaml,rinbo_tripod_rslip.ros__parameters.ratio_step,-0.0002,source profile; not necessarily active
src/rinbo_fsm/config/disabled_leg_template.yaml,rinbo_tripod_rslip.ros__parameters.slowdown_step,0.002,source profile; not necessarily active
src/rinbo_fsm/config/disabled_leg_template.yaml,rinbo_tripod_rslip.ros__parameters.shutdown.slowdown_duration_s,2.0,source profile; not necessarily active
src/rinbo_fsm/config/disabled_leg_template.yaml,rinbo_tripod_rslip.ros__parameters.shutdown.timeout_s,5.0,source profile; not necessarily active
src/rinbo_fsm/config/disabled_leg_template.yaml,rinbo_tripod_rslip.ros__parameters.safety.enabled,true,source profile; not necessarily active
src/rinbo_fsm/config/disabled_leg_template.yaml,rinbo_tripod_rslip.ros__parameters.safety.stop_on_voltage_sag,true,source profile; not necessarily active
src/rinbo_fsm/config/disabled_leg_template.yaml,rinbo_tripod_rslip.ros__parameters.safety.stop_on_over_voltage,true,source profile; not necessarily active
src/rinbo_fsm/config/disabled_leg_template.yaml,rinbo_tripod_rslip.ros__parameters.safety.stop_on_current_limit,true,source profile; not necessarily active
src/rinbo_fsm/config/disabled_leg_template.yaml,rinbo_tripod_rslip.ros__parameters.safety.stop_on_bus_current_limit,false,source profile; not necessarily active
src/rinbo_fsm/config/disabled_leg_template.yaml,rinbo_tripod_rslip.ros__parameters.safety.require_power_relay,true,source profile; not necessarily active
src/rinbo_fsm/config/disabled_leg_template.yaml,rinbo_tripod_rslip.ros__parameters.safety.stop_on_power_stale,true,source profile; not necessarily active
src/rinbo_fsm/config/disabled_leg_template.yaml,rinbo_tripod_rslip.ros__parameters.safety.stop_on_position_error,true,source profile; not necessarily active
src/rinbo_fsm/config/disabled_leg_template.yaml,rinbo_tripod_rslip.ros__parameters.safety.enable_pwm_slew_limit,false,source profile; not necessarily active
src/rinbo_fsm/config/disabled_leg_template.yaml,rinbo_tripod_rslip.ros__parameters.safety.power_bus_voltage_channel,7,source profile; not necessarily active
src/rinbo_fsm/config/disabled_leg_template.yaml,rinbo_tripod_rslip.ros__parameters.safety.leg_current_channels,"[1, 2, 3, 4, 5, 6]",source profile; not necessarily active
src/rinbo_fsm/config/disabled_leg_template.yaml,rinbo_tripod_rslip.ros__parameters.safety.min_bus_voltage,18.0,source profile; not necessarily active
src/rinbo_fsm/config/disabled_leg_template.yaml,rinbo_tripod_rslip.ros__parameters.safety.max_bus_voltage,30.0,source profile; not necessarily active
src/rinbo_fsm/config/disabled_leg_template.yaml,rinbo_tripod_rslip.ros__parameters.safety.max_current,3.0,source profile; not necessarily active
src/rinbo_fsm/config/disabled_leg_template.yaml,rinbo_tripod_rslip.ros__parameters.safety.max_bus_current,30.0,source profile; not necessarily active
src/rinbo_fsm/config/disabled_leg_template.yaml,rinbo_tripod_rslip.ros__parameters.safety.max_position_error_counts,5000.0,source profile; not necessarily active
src/rinbo_fsm/config/disabled_leg_template.yaml,rinbo_tripod_rslip.ros__parameters.safety.pwm_slew_rate_per_sec,250.0,source profile; not necessarily active
src/rinbo_fsm/config/disabled_leg_template.yaml,rinbo_tripod_rslip.ros__parameters.safety.power_stale_seconds,0.5,source profile; not necessarily active
src/rinbo_fsm/config/disabled_leg_template.yaml,rinbo_tripod_rslip.ros__parameters.safety.power_required_after_seconds,2.0,source profile; not necessarily active
src/rinbo_fsm/config/disabled_leg_template.yaml,rinbo_tripod_rslip.ros__parameters.safety.motor_state_stale_seconds,0.25,source profile; not necessarily active
src/rinbo_fsm/config/disabled_leg_template.yaml,rinbo_tripod_rslip.ros__parameters.safety.motor_state_source_max_age_s,0.1,source profile; not necessarily active
src/rinbo_fsm/config/disabled_leg_template.yaml,rinbo_tripod_rslip.ros__parameters.safety.power_state_source_max_age_s,0.35,source profile; not necessarily active
src/rinbo_fsm/config/disabled_leg_template.yaml,rinbo_tripod_rslip.ros__parameters.safety.motor_state_required_after_seconds,2.0,source profile; not necessarily active
src/rinbo_fsm/config/disabled_leg_template.yaml,rinbo_tripod_rslip.ros__parameters.safety.voltage_trip_samples,5,source profile; not necessarily active
src/rinbo_fsm/config/disabled_leg_template.yaml,rinbo_tripod_rslip.ros__parameters.safety.current_trip_samples,10,source profile; not necessarily active
src/rinbo_fsm/config/disabled_leg_template.yaml,rinbo_tripod_rslip.ros__parameters.safety.position_error_trip_samples,10,source profile; not necessarily active
src/rinbo_fsm/config/manual_single_leg.yaml,duration_s,3.0,source profile; not necessarily active
src/rinbo_fsm/config/manual_single_leg.yaml,max_pwm,80.0,source profile; not necessarily active
src/rinbo_fsm/config/manual_single_leg.yaml,max_speed_deg_s,10.0,source profile; not necessarily active
src/rinbo_fsm/config/manual_single_leg.yaml,acceleration_deg_s2,10.0,source profile; not necessarily active
src/rinbo_fsm/config/manual_single_leg.yaml,legs.L2.mode,"""position""",source profile; not necessarily active
src/rinbo_fsm/config/manual_single_leg.yaml,legs.L2.angle_deg,5.0,source profile; not necessarily active
src/rinbo_fsm/config/manual_phase.yaml,duration_s,10.0,source profile; not necessarily active
src/rinbo_fsm/config/manual_phase.yaml,max_pwm,80.0,source profile; not necessarily active
src/rinbo_fsm/config/manual_phase.yaml,max_speed_deg_s,30.0,source profile; not necessarily active
src/rinbo_fsm/config/manual_phase.yaml,acceleration_deg_s2,30.0,source profile; not necessarily active
src/rinbo_fsm/config/manual_phase.yaml,legs.L2.mode,"""cycle""",source profile; not necessarily active
src/rinbo_fsm/config/manual_phase.yaml,legs.L2.speed_deg_s,20.0,source profile; not necessarily active
src/rinbo_fsm/config/manual_phase.yaml,legs.L2.phase_deg,180.0,source profile; not necessarily active
src/rinbo_fsm/config/manual_phase.yaml,legs.L3.mode,"""cycle""",source profile; not necessarily active
src/rinbo_fsm/config/manual_phase.yaml,legs.L3.speed_deg_s,20.0,source profile; not necessarily active
src/rinbo_fsm/config/manual_phase.yaml,legs.L3.phase_deg,0.0,source profile; not necessarily active
src/rinbo_fsm/config/manual_phase.yaml,legs.R1.mode,"""cycle""",source profile; not necessarily active
src/rinbo_fsm/config/manual_phase.yaml,legs.R1.speed_deg_s,20.0,source profile; not necessarily active
src/rinbo_fsm/config/manual_phase.yaml,legs.R1.phase_deg,180.0,source profile; not necessarily active
src/rinbo_fsm/config/manual_phase.yaml,legs.R2.mode,"""cycle""",source profile; not necessarily active
src/rinbo_fsm/config/manual_phase.yaml,legs.R2.speed_deg_s,20.0,source profile; not necessarily active
src/rinbo_fsm/config/manual_phase.yaml,legs.R2.phase_deg,0.0,source profile; not necessarily active
src/rinbo_fsm/config/manual_phase.yaml,legs.R3.mode,"""cycle""",source profile; not necessarily active
src/rinbo_fsm/config/manual_phase.yaml,legs.R3.speed_deg_s,20.0,source profile; not necessarily active
src/rinbo_fsm/config/manual_phase.yaml,legs.R3.phase_deg,180.0,source profile; not necessarily active
src/rinbo_fsm/config/tripod_safety_test.yaml,rinbo_tripod_rslip.ros__parameters.kp,0.38,source profile; not necessarily active
src/rinbo_fsm/config/tripod_safety_test.yaml,rinbo_tripod_rslip.ros__parameters.kd,0.003,source profile; not necessarily active
src/rinbo_fsm/config/tripod_safety_test.yaml,rinbo_tripod_rslip.ros__parameters.k_ff,0.005,source profile; not necessarily active
src/rinbo_fsm/config/tripod_safety_test.yaml,rinbo_tripod_rslip.ros__parameters.startup_duration,8.0,source profile; not necessarily active
src/rinbo_fsm/config/tripod_safety_test.yaml,rinbo_tripod_rslip.ros__parameters.max_pwm,80.0,source profile; not necessarily active
src/rinbo_fsm/config/tripod_safety_test.yaml,rinbo_tripod_rslip.ros__parameters.start_ratio,8.0,source profile; not necessarily active
src/rinbo_fsm/config/tripod_safety_test.yaml,rinbo_tripod_rslip.ros__parameters.target_ratio,4.0,source profile; not necessarily active
src/rinbo_fsm/config/tripod_safety_test.yaml,rinbo_tripod_rslip.ros__parameters.ratio_step,-5e-05,source profile; not necessarily active
src/rinbo_fsm/config/tripod_safety_test.yaml,rinbo_tripod_rslip.ros__parameters.slowdown_step,0.002,source profile; not necessarily active
src/rinbo_fsm/config/tripod_safety_test.yaml,rinbo_tripod_rslip.ros__parameters.shutdown.slowdown_duration_s,2.0,source profile; not necessarily active
src/rinbo_fsm/config/tripod_safety_test.yaml,rinbo_tripod_rslip.ros__parameters.shutdown.timeout_s,5.0,source profile; not necessarily active
src/rinbo_fsm/config/tripod_safety_test.yaml,rinbo_tripod_rslip.ros__parameters.hardware.disabled_legs,[],source profile; not necessarily active
src/rinbo_fsm/config/tripod_safety_test.yaml,rinbo_tripod_rslip.ros__parameters.hardware.max_disabled_legs,1,source profile; not necessarily active
src/rinbo_fsm/config/tripod_safety_test.yaml,rinbo_tripod_rslip.ros__parameters.safety.enabled,true,source profile; not necessarily active
src/rinbo_fsm/config/tripod_safety_test.yaml,rinbo_tripod_rslip.ros__parameters.safety.stop_on_voltage_sag,true,source profile; not necessarily active
src/rinbo_fsm/config/tripod_safety_test.yaml,rinbo_tripod_rslip.ros__parameters.safety.stop_on_over_voltage,true,source profile; not necessarily active
src/rinbo_fsm/config/tripod_safety_test.yaml,rinbo_tripod_rslip.ros__parameters.safety.stop_on_current_limit,true,source profile; not necessarily active
src/rinbo_fsm/config/tripod_safety_test.yaml,rinbo_tripod_rslip.ros__parameters.safety.stop_on_bus_current_limit,false,source profile; not necessarily active
src/rinbo_fsm/config/tripod_safety_test.yaml,rinbo_tripod_rslip.ros__parameters.safety.require_power_relay,true,source profile; not necessarily active
src/rinbo_fsm/config/tripod_safety_test.yaml,rinbo_tripod_rslip.ros__parameters.safety.stop_on_power_stale,true,source profile; not necessarily active
src/rinbo_fsm/config/tripod_safety_test.yaml,rinbo_tripod_rslip.ros__parameters.safety.stop_on_position_error,true,source profile; not necessarily active
src/rinbo_fsm/config/tripod_safety_test.yaml,rinbo_tripod_rslip.ros__parameters.safety.enable_pwm_slew_limit,true,source profile; not necessarily active
src/rinbo_fsm/config/tripod_safety_test.yaml,rinbo_tripod_rslip.ros__parameters.safety.min_bus_voltage,18.0,source profile; not necessarily active
src/rinbo_fsm/config/tripod_safety_test.yaml,rinbo_tripod_rslip.ros__parameters.safety.max_bus_voltage,30.0,source profile; not necessarily active
src/rinbo_fsm/config/tripod_safety_test.yaml,rinbo_tripod_rslip.ros__parameters.safety.max_current,3.0,source profile; not necessarily active
src/rinbo_fsm/config/tripod_safety_test.yaml,rinbo_tripod_rslip.ros__parameters.safety.max_bus_current,30.0,source profile; not necessarily active
src/rinbo_fsm/config/tripod_safety_test.yaml,rinbo_tripod_rslip.ros__parameters.safety.max_position_error_counts,5000.0,source profile; not necessarily active
src/rinbo_fsm/config/tripod_safety_test.yaml,rinbo_tripod_rslip.ros__parameters.safety.pwm_slew_rate_per_sec,250.0,source profile; not necessarily active
src/rinbo_fsm/config/tripod_safety_test.yaml,rinbo_tripod_rslip.ros__parameters.safety.power_stale_seconds,0.5,source profile; not necessarily active
src/rinbo_fsm/config/tripod_safety_test.yaml,rinbo_tripod_rslip.ros__parameters.safety.power_required_after_seconds,2.0,source profile; not necessarily active
src/rinbo_fsm/config/tripod_safety_test.yaml,rinbo_tripod_rslip.ros__parameters.safety.motor_state_stale_seconds,0.25,source profile; not necessarily active
src/rinbo_fsm/config/tripod_safety_test.yaml,rinbo_tripod_rslip.ros__parameters.safety.motor_state_source_max_age_s,0.1,source profile; not necessarily active
src/rinbo_fsm/config/tripod_safety_test.yaml,rinbo_tripod_rslip.ros__parameters.safety.power_state_source_max_age_s,0.35,source profile; not necessarily active
src/rinbo_fsm/config/tripod_safety_test.yaml,rinbo_tripod_rslip.ros__parameters.safety.motor_state_required_after_seconds,2.0,source profile; not necessarily active
src/rinbo_fsm/config/tripod_safety_test.yaml,rinbo_tripod_rslip.ros__parameters.safety.power_bus_voltage_channel,7,source profile; not necessarily active
src/rinbo_fsm/config/tripod_safety_test.yaml,rinbo_tripod_rslip.ros__parameters.safety.leg_current_channels,"[1, 2, 3, 4, 5, 6]",source profile; not necessarily active
src/rinbo_fsm/config/tripod_safety_test.yaml,rinbo_tripod_rslip.ros__parameters.safety.voltage_trip_samples,5,source profile; not necessarily active
src/rinbo_fsm/config/tripod_safety_test.yaml,rinbo_tripod_rslip.ros__parameters.safety.current_trip_samples,10,source profile; not necessarily active
src/rinbo_fsm/config/tripod_safety_test.yaml,rinbo_tripod_rslip.ros__parameters.safety.position_error_trip_samples,10,source profile; not necessarily active
src/rinbo_fsm/config/manual_velocity.yaml,duration_s,5.0,source profile; not necessarily active
src/rinbo_fsm/config/manual_velocity.yaml,max_pwm,80.0,source profile; not necessarily active
src/rinbo_fsm/config/manual_velocity.yaml,max_speed_deg_s,30.0,source profile; not necessarily active
src/rinbo_fsm/config/manual_velocity.yaml,acceleration_deg_s2,30.0,source profile; not necessarily active
src/rinbo_fsm/config/manual_velocity.yaml,legs.L2.mode,"""velocity""",source profile; not necessarily active
src/rinbo_fsm/config/manual_velocity.yaml,legs.L2.speed_deg_s,10.0,source profile; not necessarily active
src/rinbo_fsm/config/manual_velocity.yaml,legs.R2.mode,"""velocity""",source profile; not necessarily active
src/rinbo_fsm/config/manual_velocity.yaml,legs.R2.speed_deg_s,-5.0,source profile; not necessarily active
/home/jetson/redrhex_site/redrhex_policy_full_feedback_rig.yaml,redrhex_rl_controller.ros__parameters.hardware.disabled_legs,[],site file; launch selection required
/home/jetson/redrhex_site/redrhex_policy_full_feedback_rig.yaml,redrhex_rl_controller.ros__parameters.hardware.max_disabled_legs,1,site file; launch selection required
/home/jetson/redrhex_site/redrhex_policy_full_feedback_rig.yaml,redrhex_rl_controller.ros__parameters.policy.onnx_path,"""/home/jetson/redrhex_models/policy_verified.onnx""",site file; launch selection required
/home/jetson/redrhex_site/redrhex_policy_full_feedback_rig.yaml,redrhex_rl_controller.ros__parameters.policy.use_cuda,false,site file; launch selection required
/home/jetson/redrhex_site/redrhex_policy_full_feedback_rig.yaml,redrhex_rl_controller.ros__parameters.policy.use_tensorrt,false,site file; launch selection required
/home/jetson/redrhex_site/redrhex_policy_full_feedback_rig.yaml,redrhex_rl_controller.ros__parameters.policy.expected_obs_dim,56,site file; launch selection required
/home/jetson/redrhex_site/redrhex_policy_full_feedback_rig.yaml,redrhex_rl_controller.ros__parameters.policy.expected_action_dim,12,site file; launch selection required
/home/jetson/redrhex_site/redrhex_policy_full_feedback_rig.yaml,redrhex_rl_controller.ros__parameters.policy.policy_hz,0.0,site file; launch selection required
/home/jetson/redrhex_site/redrhex_policy_full_feedback_rig.yaml,redrhex_rl_controller.ros__parameters.policy.allow_history_dim,true,site file; launch selection required
/home/jetson/redrhex_site/redrhex_policy_full_feedback_rig.yaml,redrhex_rl_controller.ros__parameters.policy.observation_contract,"""redrhex_obs56_v2_action_lag2""",site file; launch selection required
/home/jetson/redrhex_site/redrhex_policy_full_feedback_rig.yaml,redrhex_rl_controller.ros__parameters.policy.action_contract,"""redrhex_stage5_residual_v1""",site file; launch selection required
/home/jetson/redrhex_site/redrhex_policy_full_feedback_rig.yaml,redrhex_rl_controller.ros__parameters.policy.require_contract_metadata,true,site file; launch selection required
/home/jetson/redrhex_site/redrhex_policy_full_feedback_rig.yaml,redrhex_rl_controller.ros__parameters.policy.expected_sha256,"""""",site file; launch selection required
/home/jetson/redrhex_site/redrhex_policy_full_feedback_rig.yaml,redrhex_rl_controller.ros__parameters.policy.startup_action_abs_limit,1.5,site file; launch selection required
/home/jetson/redrhex_site/redrhex_policy_full_feedback_rig.yaml,redrhex_rl_controller.ros__parameters.policy.expected_bridge_config_sha256,"""1b042a2f909b824bdbdad0e62df6941e85d00310200a034afc1a9b0b78fc90ea""",site file; launch selection required
/home/jetson/redrhex_site/redrhex_policy_full_feedback_rig.yaml,redrhex_rl_controller.ros__parameters.policy.max_inference_p99_ms,6.0,site file; launch selection required
/home/jetson/redrhex_site/redrhex_policy_full_feedback_rig.yaml,redrhex_rl_controller.ros__parameters.policy.inference_benchmark_warmup_runs,20,site file; launch selection required
/home/jetson/redrhex_site/redrhex_policy_full_feedback_rig.yaml,redrhex_rl_controller.ros__parameters.policy.inference_benchmark_runs,200,site file; launch selection required
/home/jetson/redrhex_site/redrhex_policy_full_feedback_rig.yaml,redrhex_rl_controller.ros__parameters.observation.sensor_profile,"""full_feedback_rig""",site file; launch selection required
/home/jetson/redrhex_site/redrhex_policy_full_feedback_rig.yaml,redrhex_rl_controller.ros__parameters.observation.encoder_only_rig_acknowledged,false,site file; launch selection required
/home/jetson/redrhex_site/redrhex_policy_full_feedback_rig.yaml,redrhex_rl_controller.ros__parameters.observation.full_feedback_rig_acknowledged,true,site file; launch selection required
/home/jetson/redrhex_site/redrhex_policy_full_feedback_rig.yaml,redrhex_rl_controller.ros__parameters.observation.rig_projected_gravity,"[0.0, -1.0, 0.0]",site file; launch selection required
/home/jetson/redrhex_site/redrhex_policy_full_feedback_rig.yaml,redrhex_rl_controller.ros__parameters.observation.imu_alignment_calibrated,false,site file; launch selection required
/home/jetson/redrhex_site/redrhex_policy_full_feedback_rig.yaml,redrhex_rl_controller.ros__parameters.observation.expected_imu_frame_id,"""""",site file; launch selection required
/home/jetson/redrhex_site/redrhex_policy_full_feedback_rig.yaml,redrhex_rl_controller.ros__parameters.observation.expected_imu_publisher_node,"""""",site file; launch selection required
/home/jetson/redrhex_site/redrhex_policy_full_feedback_rig.yaml,redrhex_rl_controller.ros__parameters.observation.imu_policy_to_sensor_quaternion_xyzw,"[0.0, 0.0, 0.0, 1.0]",site file; launch selection required
/home/jetson/redrhex_site/redrhex_policy_full_feedback_rig.yaml,redrhex_rl_controller.ros__parameters.observation.imu_upright_quaternion_xyzw,"[0.7071067811865476, 0.0, 0.0, 0.7071067811865476]",site file; launch selection required
/home/jetson/redrhex_site/redrhex_policy_full_feedback_rig.yaml,redrhex_rl_controller.ros__parameters.observation.base_lin_vel_source,"""zero""",site file; launch selection required
/home/jetson/redrhex_site/redrhex_policy_full_feedback_rig.yaml,redrhex_rl_controller.ros__parameters.observation.odom_twist_in_body_frame,true,site file; launch selection required
/home/jetson/redrhex_site/redrhex_policy_full_feedback_rig.yaml,redrhex_rl_controller.ros__parameters.observation.abad_feedback_source,"""joint_states""",site file; launch selection required
/home/jetson/redrhex_site/redrhex_policy_full_feedback_rig.yaml,redrhex_rl_controller.ros__parameters.observation.estimate_missing_joint_velocity,true,site file; launch selection required
/home/jetson/redrhex_site/redrhex_policy_full_feedback_rig.yaml,redrhex_rl_controller.ros__parameters.observation.policy_history_length,5,site file; launch selection required
/home/jetson/redrhex_site/redrhex_policy_full_feedback_rig.yaml,redrhex_rl_controller.ros__parameters.observation.observation_clip,100.0,site file; launch selection required
/home/jetson/redrhex_site/redrhex_policy_full_feedback_rig.yaml,redrhex_rl_controller.ros__parameters.observation.require_imu_source_stamp,true,site file; launch selection required
/home/jetson/redrhex_site/redrhex_policy_full_feedback_rig.yaml,redrhex_rl_controller.ros__parameters.observation.max_imu_source_age_s,0.1,site file; launch selection required
/home/jetson/redrhex_site/redrhex_policy_full_feedback_rig.yaml,redrhex_rl_controller.ros__parameters.observation.max_imu_future_skew_s,0.02,site file; launch selection required
/home/jetson/redrhex_site/redrhex_policy_full_feedback_rig.yaml,redrhex_rl_controller.ros__parameters.observation.disabled_leg_observation_mode,"""nominal""",site file; launch selection required
/home/jetson/redrhex_site/redrhex_policy_full_feedback_rig.yaml,redrhex_rl_controller.ros__parameters.state_machine.enable_policy_on_start,false,site file; launch selection required
/home/jetson/redrhex_site/redrhex_policy_full_feedback_rig.yaml,redrhex_rl_controller.ros__parameters.state_machine.enable_motor_output_on_start,false,site file; launch selection required
/home/jetson/redrhex_site/redrhex_policy_full_feedback_rig.yaml,redrhex_rl_controller.ros__parameters.state_machine.init_stand_duration_s,2.0,site file; launch selection required
/home/jetson/redrhex_site/redrhex_policy_full_feedback_rig.yaml,redrhex_rl_controller.ros__parameters.state_machine.init_stand_timeout_s,30.0,site file; launch selection required
/home/jetson/redrhex_site/redrhex_policy_full_feedback_rig.yaml,redrhex_rl_controller.ros__parameters.state_machine.init_stand_position_tolerance_rad,0.12,site file; launch selection required
/home/jetson/redrhex_site/redrhex_policy_full_feedback_rig.yaml,redrhex_rl_controller.ros__parameters.state_machine.init_stand_velocity_tolerance_rad_s,0.25,site file; launch selection required
/home/jetson/redrhex_site/redrhex_policy_full_feedback_rig.yaml,redrhex_rl_controller.ros__parameters.state_machine.init_stand_stable_time_s,0.5,site file; launch selection required
/home/jetson/redrhex_site/redrhex_policy_full_feedback_rig.yaml,redrhex_rl_controller.ros__parameters.state_machine.output_enable_ack_timeout_s,0.15,site file; launch selection required
/home/jetson/redrhex_site/redrhex_policy_full_feedback_rig.yaml,redrhex_rl_controller.ros__parameters.state_machine.policy_run_max_duration_s,60.0,site file; launch selection required
/home/jetson/redrhex_site/redrhex_policy_full_feedback_rig.yaml,redrhex_rl_controller.ros__parameters.state_machine.warmup_duration_s,1.0,site file; launch selection required
/home/jetson/redrhex_site/redrhex_policy_full_feedback_rig.yaml,redrhex_rl_controller.ros__parameters.safety.max_abs_roll_rad,0.45,site file; launch selection required
/home/jetson/redrhex_site/redrhex_policy_full_feedback_rig.yaml,redrhex_rl_controller.ros__parameters.safety.max_abs_pitch_rad,0.45,site file; launch selection required
/home/jetson/redrhex_site/redrhex_policy_full_feedback_rig.yaml,redrhex_rl_controller.ros__parameters.safety.cmd_timeout_s,0.25,site file; launch selection required
/home/jetson/redrhex_site/redrhex_policy_full_feedback_rig.yaml,redrhex_rl_controller.ros__parameters.safety.sensor_timeout_s,0.1,site file; launch selection required
/home/jetson/redrhex_site/redrhex_policy_full_feedback_rig.yaml,redrhex_rl_controller.ros__parameters.safety.motor_feedback_timeout_s,0.25,site file; launch selection required
/home/jetson/redrhex_site/redrhex_policy_full_feedback_rig.yaml,redrhex_rl_controller.ros__parameters.safety.heartbeat_timeout_s,0.15,site file; launch selection required
/home/jetson/redrhex_site/redrhex_policy_full_feedback_rig.yaml,redrhex_rl_controller.ros__parameters.safety.require_motor_feedback,true,site file; launch selection required
/home/jetson/redrhex_site/redrhex_policy_full_feedback_rig.yaml,redrhex_rl_controller.ros__parameters.safety.require_lowlevel_heartbeat,true,site file; launch selection required
/home/jetson/redrhex_site/redrhex_policy_full_feedback_rig.yaml,redrhex_rl_controller.ros__parameters.safety.action_clip,0.35,site file; launch selection required
/home/jetson/redrhex_site/redrhex_policy_full_feedback_rig.yaml,redrhex_rl_controller.ros__parameters.safety.max_raw_action_abs,1.5,site file; launch selection required
/home/jetson/redrhex_site/redrhex_policy_full_feedback_rig.yaml,redrhex_rl_controller.ros__parameters.safety.main_drive_vel_limit_rad_s,1.0,site file; launch selection required
/home/jetson/redrhex_site/redrhex_policy_full_feedback_rig.yaml,redrhex_rl_controller.ros__parameters.safety.max_measured_main_drive_velocity_rad_s,4.0,site file; launch selection required
/home/jetson/redrhex_site/redrhex_policy_full_feedback_rig.yaml,redrhex_rl_controller.ros__parameters.safety.abad_pos_limit_rad,0.18,site file; launch selection required
/home/jetson/redrhex_site/redrhex_policy_full_feedback_rig.yaml,redrhex_rl_controller.ros__parameters.safety.max_motor_temperature_c,55.0,site file; launch selection required
/home/jetson/redrhex_site/redrhex_policy_full_feedback_rig.yaml,redrhex_rl_controller.ros__parameters.safety.max_motor_current_a,5.0,site file; launch selection required
/home/jetson/redrhex_site/redrhex_policy_full_feedback_rig.yaml,redrhex_rl_controller.ros__parameters.safety.max_control_loop_dt_s,0.03,site file; launch selection required
/home/jetson/redrhex_site/redrhex_policy_full_feedback_rig.yaml,redrhex_rl_controller.ros__parameters.safety.max_inference_duration_s,0.016,site file; launch selection required
/home/jetson/redrhex_site/redrhex_policy_full_feedback_rig.yaml,redrhex_rl_controller.ros__parameters.safety.motor_current_trip_samples,10,site file; launch selection required
/home/jetson/redrhex_site/redrhex_policy_full_feedback_rig.yaml,redrhex_rl_controller.ros__parameters.safety.control_loop_trip_samples,3,site file; launch selection required
/home/jetson/redrhex_site/redrhex_policy_full_feedback_rig.yaml,redrhex_rl_controller.ros__parameters.safety.inference_trip_samples,3,site file; launch selection required
/home/jetson/redrhex_site/redrhex_policy_full_feedback_rig.yaml,redrhex_rl_controller.ros__parameters.safety.main_drive_slew_rate_rad_s2,12.0,site file; launch selection required
/home/jetson/redrhex_site/redrhex_policy_full_feedback_rig.yaml,redrhex_rl_controller.ros__parameters.safety.abad_slew_rate_rad_s,1.0,site file; launch selection required
/home/jetson/redrhex_site/redrhex_policy_full_feedback_rig.yaml,redrhex_rl_controller.ros__parameters.action.hardware_mapping_calibrated,false,site file; launch selection required
/home/jetson/redrhex_site/redrhex_policy_full_feedback_rig.yaml,redrhex_rl_controller.ros__parameters.action.play_forward_compat_enable,true,site file; launch selection required
/home/jetson/redrhex_site/redrhex_policy_full_feedback_rig.yaml,redrhex_rl_controller.ros__parameters.action.play_forward_compat_bias_scale,1.0,site file; launch selection required
/home/jetson/redrhex_site/redrhex_policy_full_feedback_rig.yaml,redrhex_rl_controller.ros__parameters.action.play_forward_compat_residual_scale,0.04,site file; launch selection required
/home/jetson/redrhex_site/redrhex_policy_full_feedback_rig.yaml,redrhex_rl_controller.ros__parameters.action.play_forward_compat_residual_clip,0.3,site file; launch selection required
/home/jetson/redrhex_site/redrhex_policy_full_feedback_rig.yaml,redrhex_rl_controller.ros__parameters.action.include_damper_command,false,site file; launch selection required
/home/jetson/redrhex_site/redrhex_policy_full_feedback_rig.yaml,redrhex_rl_controller.ros__parameters.action.main_drive_init_control_mode,"""velocity_to_pose""",site file; launch selection required
/home/jetson/redrhex_site/redrhex_policy_full_feedback_rig.yaml,redrhex_rl_controller.ros__parameters.action.init_stand_main_drive_position_gain,1.2,site file; launch selection required
/home/jetson/redrhex_site/redrhex_policy_full_feedback_rig.yaml,redrhex_rl_controller.ros__parameters.action.init_stand_max_main_drive_vel_rad_s,0.35,site file; launch selection required
/home/jetson/redrhex_site/redrhex_policy_full_feedback_rig.yaml,redrhex_rl_controller.ros__parameters.action.main_drive_sign,"[1.0, 1.0, 1.0, 1.0, 1.0, 1.0]",site file; launch selection required
/home/jetson/redrhex_site/redrhex_policy_full_feedback_rig.yaml,redrhex_rl_controller.ros__parameters.action.abad_sign,"[1.0, 1.0, 1.0, 1.0, 1.0, 1.0]",site file; launch selection required
/home/jetson/redrhex_site/redrhex_policy_full_feedback_rig.yaml,redrhex_rl_controller.ros__parameters.action.damper_sign,"[1.0, 1.0, 1.0, 1.0, 1.0, 1.0]",site file; launch selection required
/home/jetson/redrhex_site/redrhex_policy_full_feedback_rig.yaml,redrhex_rl_controller.ros__parameters.action.main_drive_zero_offset_rad,"[0.0, 0.0, 0.0, 0.0, 0.0, 0.0]",site file; launch selection required
/home/jetson/redrhex_site/redrhex_policy_full_feedback_rig.yaml,redrhex_rl_controller.ros__parameters.action.abad_zero_offset_rad,"[0.0, 0.0, 0.0, 0.0, 0.0, 0.0]",site file; launch selection required
/home/jetson/redrhex_site/redrhex_policy_full_feedback_rig.yaml,redrhex_rl_controller.ros__parameters.action.damper_zero_offset_rad,"[0.0, 0.0, 0.0, 0.0, 0.0, 0.0]",site file; launch selection required
/home/jetson/redrhex_site/redrhex_policy_full_feedback_rig.yaml,redrhex_rl_controller.ros__parameters.action.main_drive_kp,"[0.0, 0.0, 0.0, 0.0, 0.0, 0.0]",site file; launch selection required
/home/jetson/redrhex_site/redrhex_policy_full_feedback_rig.yaml,redrhex_rl_controller.ros__parameters.action.main_drive_kd,"[10.0, 10.0, 10.0, 10.0, 10.0, 10.0]",site file; launch selection required
/home/jetson/redrhex_site/redrhex_policy_full_feedback_rig.yaml,redrhex_rl_controller.ros__parameters.action.abad_kp,"[8.0, 8.0, 8.0, 8.0, 8.0, 8.0]",site file; launch selection required
/home/jetson/redrhex_site/redrhex_policy_full_feedback_rig.yaml,redrhex_rl_controller.ros__parameters.action.abad_kd,"[0.8, 0.8, 0.8, 0.8, 0.8, 0.8]",site file; launch selection required
/home/jetson/redrhex_site/redrhex_policy_full_feedback_rig.yaml,redrhex_rl_controller.ros__parameters.action.stand_main_drive_kp,"[3.0, 3.0, 3.0, 3.0, 3.0, 3.0]",site file; launch selection required
/home/jetson/redrhex_site/redrhex_policy_full_feedback_rig.yaml,redrhex_rl_controller.ros__parameters.action.stand_main_drive_kd,"[0.3, 0.3, 0.3, 0.3, 0.3, 0.3]",site file; launch selection required
/home/jetson/redrhex_site/redrhex_policy_full_feedback_rig.yaml,redrhex_rl_controller.ros__parameters.commands.profile,"""fixed_forward""",site file; launch selection required
/home/jetson/redrhex_site/redrhex_policy_full_feedback_rig.yaml,redrhex_rl_controller.ros__parameters.commands.fixed_forward_vx,0.22,site file; launch selection required
/home/jetson/redrhex_site/redrhex_policy_full_feedback_rig.yaml,redrhex_rl_controller.ros__parameters.commands.vx_min,0.0,site file; launch selection required
/home/jetson/redrhex_site/redrhex_policy_full_feedback_rig.yaml,redrhex_rl_controller.ros__parameters.commands.vx_max,0.22,site file; launch selection required
/home/jetson/redrhex_site/redrhex_policy_full_feedback_rig.yaml,redrhex_rl_controller.ros__parameters.commands.vy_min,-0.14,site file; launch selection required
/home/jetson/redrhex_site/redrhex_policy_full_feedback_rig.yaml,redrhex_rl_controller.ros__parameters.commands.vy_max,0.14,site file; launch selection required
/home/jetson/redrhex_site/redrhex_policy_full_feedback_rig.yaml,redrhex_rl_controller.ros__parameters.commands.wz_min,-0.17,site file; launch selection required
/home/jetson/redrhex_site/redrhex_policy_full_feedback_rig.yaml,redrhex_rl_controller.ros__parameters.commands.wz_max,0.17,site file; launch selection required
/home/jetson/redrhex_site/redrhex_policy_sensor_v2_suspended_experimental.yaml,redrhex_rl_controller.ros__parameters.hardware.disabled_legs,"[""L1""]",site file; launch selection required
/home/jetson/redrhex_site/redrhex_policy_sensor_v2_suspended_experimental.yaml,redrhex_rl_controller.ros__parameters.hardware.max_disabled_legs,1,site file; launch selection required
/home/jetson/redrhex_site/redrhex_policy_sensor_v2_suspended_experimental.yaml,redrhex_rl_controller.ros__parameters.policy.onnx_path,"""/home/jetson/redrhex_models/policy_verified_sensor_v2.onnx""",site file; launch selection required
/home/jetson/redrhex_site/redrhex_policy_sensor_v2_suspended_experimental.yaml,redrhex_rl_controller.ros__parameters.policy.use_cuda,false,site file; launch selection required
/home/jetson/redrhex_site/redrhex_policy_sensor_v2_suspended_experimental.yaml,redrhex_rl_controller.ros__parameters.policy.use_tensorrt,false,site file; launch selection required
/home/jetson/redrhex_site/redrhex_policy_sensor_v2_suspended_experimental.yaml,redrhex_rl_controller.ros__parameters.policy.expected_obs_dim,56,site file; launch selection required
/home/jetson/redrhex_site/redrhex_policy_sensor_v2_suspended_experimental.yaml,redrhex_rl_controller.ros__parameters.policy.expected_action_dim,12,site file; launch selection required
/home/jetson/redrhex_site/redrhex_policy_sensor_v2_suspended_experimental.yaml,redrhex_rl_controller.ros__parameters.policy.policy_hz,0.0,site file; launch selection required
/home/jetson/redrhex_site/redrhex_policy_sensor_v2_suspended_experimental.yaml,redrhex_rl_controller.ros__parameters.policy.allow_history_dim,true,site file; launch selection required
/home/jetson/redrhex_site/redrhex_policy_sensor_v2_suspended_experimental.yaml,redrhex_rl_controller.ros__parameters.policy.observation_contract,"""redrhex_obs56_v2_action_lag2""",site file; launch selection required
/home/jetson/redrhex_site/redrhex_policy_sensor_v2_suspended_experimental.yaml,redrhex_rl_controller.ros__parameters.policy.action_contract,"""redrhex_stage5_residual_v1""",site file; launch selection required
/home/jetson/redrhex_site/redrhex_policy_sensor_v2_suspended_experimental.yaml,redrhex_rl_controller.ros__parameters.policy.require_contract_metadata,true,site file; launch selection required
/home/jetson/redrhex_site/redrhex_policy_sensor_v2_suspended_experimental.yaml,redrhex_rl_controller.ros__parameters.policy.expected_sha256,"""""",site file; launch selection required
/home/jetson/redrhex_site/redrhex_policy_sensor_v2_suspended_experimental.yaml,redrhex_rl_controller.ros__parameters.policy.startup_action_abs_limit,1.5,site file; launch selection required
/home/jetson/redrhex_site/redrhex_policy_sensor_v2_suspended_experimental.yaml,redrhex_rl_controller.ros__parameters.policy.expected_bridge_config_sha256,"""f87729b8e7f350e513f45725fde56bf025e513003a8b1340ef58eef483744c01""",site file; launch selection required
/home/jetson/redrhex_site/redrhex_policy_sensor_v2_suspended_experimental.yaml,redrhex_rl_controller.ros__parameters.policy.max_inference_p99_ms,6.0,site file; launch selection required
/home/jetson/redrhex_site/redrhex_policy_sensor_v2_suspended_experimental.yaml,redrhex_rl_controller.ros__parameters.policy.inference_benchmark_warmup_runs,20,site file; launch selection required
/home/jetson/redrhex_site/redrhex_policy_sensor_v2_suspended_experimental.yaml,redrhex_rl_controller.ros__parameters.policy.inference_benchmark_runs,200,site file; launch selection required
/home/jetson/redrhex_site/redrhex_policy_sensor_v2_suspended_experimental.yaml,redrhex_rl_controller.ros__parameters.observation.sensor_profile,"""full_feedback_rig""",site file; launch selection required
/home/jetson/redrhex_site/redrhex_policy_sensor_v2_suspended_experimental.yaml,redrhex_rl_controller.ros__parameters.observation.encoder_only_rig_acknowledged,false,site file; launch selection required
/home/jetson/redrhex_site/redrhex_policy_sensor_v2_suspended_experimental.yaml,redrhex_rl_controller.ros__parameters.observation.full_feedback_rig_acknowledged,true,site file; launch selection required
/home/jetson/redrhex_site/redrhex_policy_sensor_v2_suspended_experimental.yaml,redrhex_rl_controller.ros__parameters.observation.rig_projected_gravity,"[0.0, -1.0, 0.0]",site file; launch selection required
/home/jetson/redrhex_site/redrhex_policy_sensor_v2_suspended_experimental.yaml,redrhex_rl_controller.ros__parameters.observation.imu_alignment_calibrated,false,site file; launch selection required
/home/jetson/redrhex_site/redrhex_policy_sensor_v2_suspended_experimental.yaml,redrhex_rl_controller.ros__parameters.observation.expected_imu_frame_id,"""""",site file; launch selection required
/home/jetson/redrhex_site/redrhex_policy_sensor_v2_suspended_experimental.yaml,redrhex_rl_controller.ros__parameters.observation.expected_imu_publisher_node,"""""",site file; launch selection required
/home/jetson/redrhex_site/redrhex_policy_sensor_v2_suspended_experimental.yaml,redrhex_rl_controller.ros__parameters.observation.imu_policy_to_sensor_quaternion_xyzw,"[0.0, 0.0, 0.0, 1.0]",site file; launch selection required
/home/jetson/redrhex_site/redrhex_policy_sensor_v2_suspended_experimental.yaml,redrhex_rl_controller.ros__parameters.observation.imu_upright_quaternion_xyzw,"[0.7071067811865476, 0.0, 0.0, 0.7071067811865476]",site file; launch selection required
/home/jetson/redrhex_site/redrhex_policy_sensor_v2_suspended_experimental.yaml,redrhex_rl_controller.ros__parameters.observation.base_lin_vel_source,"""zero""",site file; launch selection required
/home/jetson/redrhex_site/redrhex_policy_sensor_v2_suspended_experimental.yaml,redrhex_rl_controller.ros__parameters.observation.odom_twist_in_body_frame,true,site file; launch selection required
/home/jetson/redrhex_site/redrhex_policy_sensor_v2_suspended_experimental.yaml,redrhex_rl_controller.ros__parameters.observation.abad_feedback_source,"""joint_states""",site file; launch selection required
/home/jetson/redrhex_site/redrhex_policy_sensor_v2_suspended_experimental.yaml,redrhex_rl_controller.ros__parameters.observation.estimate_missing_joint_velocity,true,site file; launch selection required
/home/jetson/redrhex_site/redrhex_policy_sensor_v2_suspended_experimental.yaml,redrhex_rl_controller.ros__parameters.observation.policy_history_length,5,site file; launch selection required
/home/jetson/redrhex_site/redrhex_policy_sensor_v2_suspended_experimental.yaml,redrhex_rl_controller.ros__parameters.observation.observation_clip,100.0,site file; launch selection required
/home/jetson/redrhex_site/redrhex_policy_sensor_v2_suspended_experimental.yaml,redrhex_rl_controller.ros__parameters.observation.require_imu_source_stamp,true,site file; launch selection required
/home/jetson/redrhex_site/redrhex_policy_sensor_v2_suspended_experimental.yaml,redrhex_rl_controller.ros__parameters.observation.max_imu_source_age_s,0.1,site file; launch selection required
/home/jetson/redrhex_site/redrhex_policy_sensor_v2_suspended_experimental.yaml,redrhex_rl_controller.ros__parameters.observation.max_imu_future_skew_s,0.02,site file; launch selection required
/home/jetson/redrhex_site/redrhex_policy_sensor_v2_suspended_experimental.yaml,redrhex_rl_controller.ros__parameters.observation.disabled_leg_observation_mode,"""nominal""",site file; launch selection required
/home/jetson/redrhex_site/redrhex_policy_sensor_v2_suspended_experimental.yaml,redrhex_rl_controller.ros__parameters.state_machine.enable_policy_on_start,false,site file; launch selection required
/home/jetson/redrhex_site/redrhex_policy_sensor_v2_suspended_experimental.yaml,redrhex_rl_controller.ros__parameters.state_machine.enable_motor_output_on_start,false,site file; launch selection required
/home/jetson/redrhex_site/redrhex_policy_sensor_v2_suspended_experimental.yaml,redrhex_rl_controller.ros__parameters.state_machine.init_stand_duration_s,2.0,site file; launch selection required
/home/jetson/redrhex_site/redrhex_policy_sensor_v2_suspended_experimental.yaml,redrhex_rl_controller.ros__parameters.state_machine.init_stand_timeout_s,30.0,site file; launch selection required
/home/jetson/redrhex_site/redrhex_policy_sensor_v2_suspended_experimental.yaml,redrhex_rl_controller.ros__parameters.state_machine.init_stand_position_tolerance_rad,0.12,site file; launch selection required
/home/jetson/redrhex_site/redrhex_policy_sensor_v2_suspended_experimental.yaml,redrhex_rl_controller.ros__parameters.state_machine.init_stand_velocity_tolerance_rad_s,0.25,site file; launch selection required
/home/jetson/redrhex_site/redrhex_policy_sensor_v2_suspended_experimental.yaml,redrhex_rl_controller.ros__parameters.state_machine.init_stand_stable_time_s,0.5,site file; launch selection required
/home/jetson/redrhex_site/redrhex_policy_sensor_v2_suspended_experimental.yaml,redrhex_rl_controller.ros__parameters.state_machine.output_enable_ack_timeout_s,0.15,site file; launch selection required
/home/jetson/redrhex_site/redrhex_policy_sensor_v2_suspended_experimental.yaml,redrhex_rl_controller.ros__parameters.state_machine.policy_run_max_duration_s,60.0,site file; launch selection required
/home/jetson/redrhex_site/redrhex_policy_sensor_v2_suspended_experimental.yaml,redrhex_rl_controller.ros__parameters.state_machine.warmup_duration_s,1.0,site file; launch selection required
/home/jetson/redrhex_site/redrhex_policy_sensor_v2_suspended_experimental.yaml,redrhex_rl_controller.ros__parameters.safety.max_abs_roll_rad,0.45,site file; launch selection required
/home/jetson/redrhex_site/redrhex_policy_sensor_v2_suspended_experimental.yaml,redrhex_rl_controller.ros__parameters.safety.max_abs_pitch_rad,0.45,site file; launch selection required
/home/jetson/redrhex_site/redrhex_policy_sensor_v2_suspended_experimental.yaml,redrhex_rl_controller.ros__parameters.safety.cmd_timeout_s,0.25,site file; launch selection required
/home/jetson/redrhex_site/redrhex_policy_sensor_v2_suspended_experimental.yaml,redrhex_rl_controller.ros__parameters.safety.sensor_timeout_s,0.1,site file; launch selection required
/home/jetson/redrhex_site/redrhex_policy_sensor_v2_suspended_experimental.yaml,redrhex_rl_controller.ros__parameters.safety.motor_feedback_timeout_s,0.25,site file; launch selection required
/home/jetson/redrhex_site/redrhex_policy_sensor_v2_suspended_experimental.yaml,redrhex_rl_controller.ros__parameters.safety.heartbeat_timeout_s,0.15,site file; launch selection required
/home/jetson/redrhex_site/redrhex_policy_sensor_v2_suspended_experimental.yaml,redrhex_rl_controller.ros__parameters.safety.require_motor_feedback,true,site file; launch selection required
/home/jetson/redrhex_site/redrhex_policy_sensor_v2_suspended_experimental.yaml,redrhex_rl_controller.ros__parameters.safety.require_lowlevel_heartbeat,true,site file; launch selection required
/home/jetson/redrhex_site/redrhex_policy_sensor_v2_suspended_experimental.yaml,redrhex_rl_controller.ros__parameters.safety.action_clip,0.35,site file; launch selection required
/home/jetson/redrhex_site/redrhex_policy_sensor_v2_suspended_experimental.yaml,redrhex_rl_controller.ros__parameters.safety.max_raw_action_abs,1.5,site file; launch selection required
/home/jetson/redrhex_site/redrhex_policy_sensor_v2_suspended_experimental.yaml,redrhex_rl_controller.ros__parameters.safety.main_drive_vel_limit_rad_s,1.0,site file; launch selection required
/home/jetson/redrhex_site/redrhex_policy_sensor_v2_suspended_experimental.yaml,redrhex_rl_controller.ros__parameters.safety.max_measured_main_drive_velocity_rad_s,4.0,site file; launch selection required
/home/jetson/redrhex_site/redrhex_policy_sensor_v2_suspended_experimental.yaml,redrhex_rl_controller.ros__parameters.safety.abad_pos_limit_rad,0.18,site file; launch selection required
/home/jetson/redrhex_site/redrhex_policy_sensor_v2_suspended_experimental.yaml,redrhex_rl_controller.ros__parameters.safety.max_motor_temperature_c,55.0,site file; launch selection required
/home/jetson/redrhex_site/redrhex_policy_sensor_v2_suspended_experimental.yaml,redrhex_rl_controller.ros__parameters.safety.max_motor_current_a,5.0,site file; launch selection required
/home/jetson/redrhex_site/redrhex_policy_sensor_v2_suspended_experimental.yaml,redrhex_rl_controller.ros__parameters.safety.max_control_loop_dt_s,0.03,site file; launch selection required
/home/jetson/redrhex_site/redrhex_policy_sensor_v2_suspended_experimental.yaml,redrhex_rl_controller.ros__parameters.safety.max_inference_duration_s,0.016,site file; launch selection required
/home/jetson/redrhex_site/redrhex_policy_sensor_v2_suspended_experimental.yaml,redrhex_rl_controller.ros__parameters.safety.motor_current_trip_samples,10,site file; launch selection required
/home/jetson/redrhex_site/redrhex_policy_sensor_v2_suspended_experimental.yaml,redrhex_rl_controller.ros__parameters.safety.control_loop_trip_samples,3,site file; launch selection required
/home/jetson/redrhex_site/redrhex_policy_sensor_v2_suspended_experimental.yaml,redrhex_rl_controller.ros__parameters.safety.inference_trip_samples,3,site file; launch selection required
/home/jetson/redrhex_site/redrhex_policy_sensor_v2_suspended_experimental.yaml,redrhex_rl_controller.ros__parameters.safety.main_drive_slew_rate_rad_s2,12.0,site file; launch selection required
/home/jetson/redrhex_site/redrhex_policy_sensor_v2_suspended_experimental.yaml,redrhex_rl_controller.ros__parameters.safety.abad_slew_rate_rad_s,1.0,site file; launch selection required
/home/jetson/redrhex_site/redrhex_policy_sensor_v2_suspended_experimental.yaml,redrhex_rl_controller.ros__parameters.action.hardware_mapping_calibrated,false,site file; launch selection required
/home/jetson/redrhex_site/redrhex_policy_sensor_v2_suspended_experimental.yaml,redrhex_rl_controller.ros__parameters.action.play_forward_compat_enable,true,site file; launch selection required
/home/jetson/redrhex_site/redrhex_policy_sensor_v2_suspended_experimental.yaml,redrhex_rl_controller.ros__parameters.action.play_forward_compat_bias_scale,1.0,site file; launch selection required
/home/jetson/redrhex_site/redrhex_policy_sensor_v2_suspended_experimental.yaml,redrhex_rl_controller.ros__parameters.action.play_forward_compat_residual_scale,0.04,site file; launch selection required
/home/jetson/redrhex_site/redrhex_policy_sensor_v2_suspended_experimental.yaml,redrhex_rl_controller.ros__parameters.action.play_forward_compat_residual_clip,0.3,site file; launch selection required
/home/jetson/redrhex_site/redrhex_policy_sensor_v2_suspended_experimental.yaml,redrhex_rl_controller.ros__parameters.action.include_damper_command,false,site file; launch selection required
/home/jetson/redrhex_site/redrhex_policy_sensor_v2_suspended_experimental.yaml,redrhex_rl_controller.ros__parameters.action.main_drive_init_control_mode,"""velocity_to_pose""",site file; launch selection required
/home/jetson/redrhex_site/redrhex_policy_sensor_v2_suspended_experimental.yaml,redrhex_rl_controller.ros__parameters.action.init_stand_main_drive_position_gain,1.2,site file; launch selection required
/home/jetson/redrhex_site/redrhex_policy_sensor_v2_suspended_experimental.yaml,redrhex_rl_controller.ros__parameters.action.init_stand_max_main_drive_vel_rad_s,0.35,site file; launch selection required
/home/jetson/redrhex_site/redrhex_policy_sensor_v2_suspended_experimental.yaml,redrhex_rl_controller.ros__parameters.action.main_drive_sign,"[1.0, 1.0, 1.0, 1.0, 1.0, 1.0]",site file; launch selection required
/home/jetson/redrhex_site/redrhex_policy_sensor_v2_suspended_experimental.yaml,redrhex_rl_controller.ros__parameters.action.abad_sign,"[1.0, 1.0, 1.0, 1.0, 1.0, 1.0]",site file; launch selection required
/home/jetson/redrhex_site/redrhex_policy_sensor_v2_suspended_experimental.yaml,redrhex_rl_controller.ros__parameters.action.damper_sign,"[1.0, 1.0, 1.0, 1.0, 1.0, 1.0]",site file; launch selection required
/home/jetson/redrhex_site/redrhex_policy_sensor_v2_suspended_experimental.yaml,redrhex_rl_controller.ros__parameters.action.main_drive_zero_offset_rad,"[0.0, 0.0, 0.0, 0.0, 0.0, 0.0]",site file; launch selection required
/home/jetson/redrhex_site/redrhex_policy_sensor_v2_suspended_experimental.yaml,redrhex_rl_controller.ros__parameters.action.abad_zero_offset_rad,"[0.0, 0.0, 0.0, 0.0, 0.0, 0.0]",site file; launch selection required
/home/jetson/redrhex_site/redrhex_policy_sensor_v2_suspended_experimental.yaml,redrhex_rl_controller.ros__parameters.action.damper_zero_offset_rad,"[0.0, 0.0, 0.0, 0.0, 0.0, 0.0]",site file; launch selection required
/home/jetson/redrhex_site/redrhex_policy_sensor_v2_suspended_experimental.yaml,redrhex_rl_controller.ros__parameters.action.main_drive_kp,"[0.0, 0.0, 0.0, 0.0, 0.0, 0.0]",site file; launch selection required
/home/jetson/redrhex_site/redrhex_policy_sensor_v2_suspended_experimental.yaml,redrhex_rl_controller.ros__parameters.action.main_drive_kd,"[10.0, 10.0, 10.0, 10.0, 10.0, 10.0]",site file; launch selection required
/home/jetson/redrhex_site/redrhex_policy_sensor_v2_suspended_experimental.yaml,redrhex_rl_controller.ros__parameters.action.abad_kp,"[8.0, 8.0, 8.0, 8.0, 8.0, 8.0]",site file; launch selection required
/home/jetson/redrhex_site/redrhex_policy_sensor_v2_suspended_experimental.yaml,redrhex_rl_controller.ros__parameters.action.abad_kd,"[0.8, 0.8, 0.8, 0.8, 0.8, 0.8]",site file; launch selection required
/home/jetson/redrhex_site/redrhex_policy_sensor_v2_suspended_experimental.yaml,redrhex_rl_controller.ros__parameters.action.stand_main_drive_kp,"[3.0, 3.0, 3.0, 3.0, 3.0, 3.0]",site file; launch selection required
/home/jetson/redrhex_site/redrhex_policy_sensor_v2_suspended_experimental.yaml,redrhex_rl_controller.ros__parameters.action.stand_main_drive_kd,"[0.3, 0.3, 0.3, 0.3, 0.3, 0.3]",site file; launch selection required
/home/jetson/redrhex_site/redrhex_policy_sensor_v2_suspended_experimental.yaml,redrhex_rl_controller.ros__parameters.commands.profile,"""fixed_forward""",site file; launch selection required
/home/jetson/redrhex_site/redrhex_policy_sensor_v2_suspended_experimental.yaml,redrhex_rl_controller.ros__parameters.commands.fixed_forward_vx,0.22,site file; launch selection required
/home/jetson/redrhex_site/redrhex_policy_sensor_v2_suspended_experimental.yaml,redrhex_rl_controller.ros__parameters.commands.vx_min,0.0,site file; launch selection required
/home/jetson/redrhex_site/redrhex_policy_sensor_v2_suspended_experimental.yaml,redrhex_rl_controller.ros__parameters.commands.vx_max,0.22,site file; launch selection required
/home/jetson/redrhex_site/redrhex_policy_sensor_v2_suspended_experimental.yaml,redrhex_rl_controller.ros__parameters.commands.vy_min,-0.14,site file; launch selection required
/home/jetson/redrhex_site/redrhex_policy_sensor_v2_suspended_experimental.yaml,redrhex_rl_controller.ros__parameters.commands.vy_max,0.14,site file; launch selection required
/home/jetson/redrhex_site/redrhex_policy_sensor_v2_suspended_experimental.yaml,redrhex_rl_controller.ros__parameters.commands.wz_min,-0.17,site file; launch selection required
/home/jetson/redrhex_site/redrhex_policy_sensor_v2_suspended_experimental.yaml,redrhex_rl_controller.ros__parameters.commands.wz_max,0.17,site file; launch selection required
/home/jetson/redrhex_site/rinbo_fsm_disabled_leg.yaml,schema_version,1,active native FSM site
/home/jetson/redrhex_site/rinbo_fsm_disabled_leg.yaml,revision,14,active native FSM site
/home/jetson/redrhex_site/rinbo_fsm_disabled_leg.yaml,disabled_legs,"[""L3""]",active native FSM site
/home/jetson/redrhex_site/rinbo_fsm_disabled_leg.yaml,test_mode,"""supported_leg_test""",active native FSM site
/home/jetson/redrhex_site/rinbo_fsm_disabled_leg.yaml,parameters.rinbo_cali.max_pwm,80.0,active native FSM site
/home/jetson/redrhex_site/rinbo_fsm_disabled_leg.yaml,parameters.rinbo_cali.safety.servo_homing_timeout_s,60,active native FSM site
/home/jetson/redrhex_site/rinbo_fsm_disabled_leg.yaml,parameters.rinbo_cali.safety.hall_search_timeout_s,60,active native FSM site
/home/jetson/redrhex_site/rinbo_fsm_disabled_leg.yaml,parameters.rinbo_cali.safety.stop_timeout_s,15,active native FSM site
/home/jetson/redrhex_site/rinbo_fsm_disabled_leg.yaml,parameters.rinbo_cali.safety.motor_state_timeout_s,0.25,active native FSM site
/home/jetson/redrhex_site/rinbo_fsm_disabled_leg.yaml,parameters.rinbo_cali.safety.motor_state_source_max_age_s,0.1,active native FSM site
/home/jetson/redrhex_site/rinbo_fsm_disabled_leg.yaml,parameters.rinbo_cali.safety.power_state_source_max_age_s,0.35,active native FSM site
/home/jetson/redrhex_site/rinbo_fsm_disabled_leg.yaml,parameters.rinbo_cali.safety.motor_state_required_after_s,2.0,active native FSM site
/home/jetson/redrhex_site/rinbo_fsm_disabled_leg.yaml,parameters.rinbo_cali.safety.power_guard_enabled,true,active native FSM site
/home/jetson/redrhex_site/rinbo_fsm_disabled_leg.yaml,parameters.rinbo_cali.safety.stop_on_power_stale,true,active native FSM site
/home/jetson/redrhex_site/rinbo_fsm_disabled_leg.yaml,parameters.rinbo_cali.safety.stop_on_voltage,true,active native FSM site
/home/jetson/redrhex_site/rinbo_fsm_disabled_leg.yaml,parameters.rinbo_cali.safety.stop_on_current_limit,true,active native FSM site
/home/jetson/redrhex_site/rinbo_fsm_disabled_leg.yaml,parameters.rinbo_cali.safety.stop_on_bus_current_limit,false,active native FSM site
/home/jetson/redrhex_site/rinbo_fsm_disabled_leg.yaml,parameters.rinbo_cali.safety.require_power_relay,true,active native FSM site
/home/jetson/redrhex_site/rinbo_fsm_disabled_leg.yaml,parameters.rinbo_cali.safety.power_bus_voltage_channel,7,active native FSM site
/home/jetson/redrhex_site/rinbo_fsm_disabled_leg.yaml,parameters.rinbo_cali.safety.leg_current_channels,"[1, 2, 3, 4, 5, 6]",active native FSM site
/home/jetson/redrhex_site/rinbo_fsm_disabled_leg.yaml,parameters.rinbo_cali.safety.min_bus_voltage,18.0,active native FSM site
/home/jetson/redrhex_site/rinbo_fsm_disabled_leg.yaml,parameters.rinbo_cali.safety.max_bus_voltage,42.0,active native FSM site
/home/jetson/redrhex_site/rinbo_fsm_disabled_leg.yaml,parameters.rinbo_cali.safety.max_current,5.0,active native FSM site
/home/jetson/redrhex_site/rinbo_fsm_disabled_leg.yaml,parameters.rinbo_cali.safety.max_bus_current,30.0,active native FSM site
/home/jetson/redrhex_site/rinbo_fsm_disabled_leg.yaml,parameters.rinbo_cali.safety.power_stale_seconds,0.5,active native FSM site
/home/jetson/redrhex_site/rinbo_fsm_disabled_leg.yaml,parameters.rinbo_cali.safety.power_required_after_seconds,2.0,active native FSM site
/home/jetson/redrhex_site/rinbo_fsm_disabled_leg.yaml,parameters.rinbo_cali.safety.voltage_trip_samples,5,active native FSM site
/home/jetson/redrhex_site/rinbo_fsm_disabled_leg.yaml,parameters.rinbo_cali.safety.current_trip_samples,25,active native FSM site
/home/jetson/redrhex_site/rinbo_fsm_disabled_leg.yaml,parameters.rinbo_cali.friction_pwm,40,active native FSM site
/home/jetson/redrhex_site/rinbo_fsm_disabled_leg.yaml,parameters.rinbo_cali.friction_velocity_counts_s,153.6,active native FSM site
/home/jetson/redrhex_site/rinbo_fsm_disabled_leg.yaml,parameters.rinbo_cali.k_ff,0.005,active native FSM site
/home/jetson/redrhex_site/rinbo_fsm_disabled_leg.yaml,parameters.rinbo_cali.kd,0.006,active native FSM site
/home/jetson/redrhex_site/rinbo_fsm_disabled_leg.yaml,parameters.rinbo_cali.kp,0.08,active native FSM site
/home/jetson/redrhex_site/rinbo_fsm_disabled_leg.yaml,parameters.rinbo_standing.max_pwm,80.0,active native FSM site
/home/jetson/redrhex_site/rinbo_fsm_disabled_leg.yaml,parameters.rinbo_standing.safety.hall_search_timeout_s,60,active native FSM site
/home/jetson/redrhex_site/rinbo_fsm_disabled_leg.yaml,parameters.rinbo_standing.safety.rotate_timeout_s,60,active native FSM site
/home/jetson/redrhex_site/rinbo_fsm_disabled_leg.yaml,parameters.rinbo_standing.safety.motor_state_timeout_s,0.25,active native FSM site
/home/jetson/redrhex_site/rinbo_fsm_disabled_leg.yaml,parameters.rinbo_standing.safety.motor_state_source_max_age_s,0.1,active native FSM site
/home/jetson/redrhex_site/rinbo_fsm_disabled_leg.yaml,parameters.rinbo_standing.safety.power_state_source_max_age_s,0.35,active native FSM site
/home/jetson/redrhex_site/rinbo_fsm_disabled_leg.yaml,parameters.rinbo_standing.safety.motor_state_required_after_s,2.0,active native FSM site
/home/jetson/redrhex_site/rinbo_fsm_disabled_leg.yaml,parameters.rinbo_standing.safety.power_guard_enabled,true,active native FSM site
/home/jetson/redrhex_site/rinbo_fsm_disabled_leg.yaml,parameters.rinbo_standing.safety.stop_on_power_stale,true,active native FSM site
/home/jetson/redrhex_site/rinbo_fsm_disabled_leg.yaml,parameters.rinbo_standing.safety.stop_on_voltage,true,active native FSM site
/home/jetson/redrhex_site/rinbo_fsm_disabled_leg.yaml,parameters.rinbo_standing.safety.stop_on_current_limit,true,active native FSM site
/home/jetson/redrhex_site/rinbo_fsm_disabled_leg.yaml,parameters.rinbo_standing.safety.stop_on_bus_current_limit,false,active native FSM site
/home/jetson/redrhex_site/rinbo_fsm_disabled_leg.yaml,parameters.rinbo_standing.safety.require_power_relay,true,active native FSM site
/home/jetson/redrhex_site/rinbo_fsm_disabled_leg.yaml,parameters.rinbo_standing.safety.power_bus_voltage_channel,7,active native FSM site
/home/jetson/redrhex_site/rinbo_fsm_disabled_leg.yaml,parameters.rinbo_standing.safety.leg_current_channels,"[1, 2, 3, 4, 5, 6]",active native FSM site
/home/jetson/redrhex_site/rinbo_fsm_disabled_leg.yaml,parameters.rinbo_standing.safety.min_bus_voltage,18.0,active native FSM site
/home/jetson/redrhex_site/rinbo_fsm_disabled_leg.yaml,parameters.rinbo_standing.safety.max_bus_voltage,42.0,active native FSM site
/home/jetson/redrhex_site/rinbo_fsm_disabled_leg.yaml,parameters.rinbo_standing.safety.max_current,5.0,active native FSM site
/home/jetson/redrhex_site/rinbo_fsm_disabled_leg.yaml,parameters.rinbo_standing.safety.max_bus_current,30.0,active native FSM site
/home/jetson/redrhex_site/rinbo_fsm_disabled_leg.yaml,parameters.rinbo_standing.safety.power_stale_seconds,0.5,active native FSM site
/home/jetson/redrhex_site/rinbo_fsm_disabled_leg.yaml,parameters.rinbo_standing.safety.power_required_after_seconds,2.0,active native FSM site
/home/jetson/redrhex_site/rinbo_fsm_disabled_leg.yaml,parameters.rinbo_standing.safety.voltage_trip_samples,5,active native FSM site
/home/jetson/redrhex_site/rinbo_fsm_disabled_leg.yaml,parameters.rinbo_standing.safety.current_trip_samples,25,active native FSM site
/home/jetson/redrhex_site/rinbo_fsm_disabled_leg.yaml,parameters.rinbo_standing.safety.position_tolerance_counts,1000,active native FSM site
/home/jetson/redrhex_site/rinbo_fsm_disabled_leg.yaml,parameters.rinbo_standing.friction_pwm,40,active native FSM site
/home/jetson/redrhex_site/rinbo_fsm_disabled_leg.yaml,parameters.rinbo_standing.friction_velocity_counts_s,153.6,active native FSM site
/home/jetson/redrhex_site/rinbo_fsm_disabled_leg.yaml,parameters.rinbo_standing.k_ff,0.005,active native FSM site
/home/jetson/redrhex_site/rinbo_fsm_disabled_leg.yaml,parameters.rinbo_standing.kd,0.006,active native FSM site
/home/jetson/redrhex_site/rinbo_fsm_disabled_leg.yaml,parameters.rinbo_standing.kp,0.08,active native FSM site
/home/jetson/redrhex_site/rinbo_fsm_disabled_leg.yaml,parameters.rinbo_tripod_rslip.kp,0.38,active native FSM site
/home/jetson/redrhex_site/rinbo_fsm_disabled_leg.yaml,parameters.rinbo_tripod_rslip.kd,0.003,active native FSM site
/home/jetson/redrhex_site/rinbo_fsm_disabled_leg.yaml,parameters.rinbo_tripod_rslip.k_ff,0.005,active native FSM site
/home/jetson/redrhex_site/rinbo_fsm_disabled_leg.yaml,parameters.rinbo_tripod_rslip.startup_duration,8,active native FSM site
/home/jetson/redrhex_site/rinbo_fsm_disabled_leg.yaml,parameters.rinbo_tripod_rslip.max_pwm,3300,active native FSM site
/home/jetson/redrhex_site/rinbo_fsm_disabled_leg.yaml,parameters.rinbo_tripod_rslip.start_ratio,8,active native FSM site
/home/jetson/redrhex_site/rinbo_fsm_disabled_leg.yaml,parameters.rinbo_tripod_rslip.target_ratio,1,active native FSM site
/home/jetson/redrhex_site/rinbo_fsm_disabled_leg.yaml,parameters.rinbo_tripod_rslip.ratio_step,-0.0002,active native FSM site
/home/jetson/redrhex_site/rinbo_fsm_disabled_leg.yaml,parameters.rinbo_tripod_rslip.slowdown_step,0.002,active native FSM site
/home/jetson/redrhex_site/rinbo_fsm_disabled_leg.yaml,parameters.rinbo_tripod_rslip.shutdown.slowdown_duration_s,2.0,active native FSM site
/home/jetson/redrhex_site/rinbo_fsm_disabled_leg.yaml,parameters.rinbo_tripod_rslip.shutdown.timeout_s,5.0,active native FSM site
/home/jetson/redrhex_site/rinbo_fsm_disabled_leg.yaml,parameters.rinbo_tripod_rslip.safety.enabled,true,active native FSM site
/home/jetson/redrhex_site/rinbo_fsm_disabled_leg.yaml,parameters.rinbo_tripod_rslip.safety.stop_on_voltage_sag,true,active native FSM site
/home/jetson/redrhex_site/rinbo_fsm_disabled_leg.yaml,parameters.rinbo_tripod_rslip.safety.stop_on_over_voltage,true,active native FSM site
/home/jetson/redrhex_site/rinbo_fsm_disabled_leg.yaml,parameters.rinbo_tripod_rslip.safety.stop_on_current_limit,true,active native FSM site
/home/jetson/redrhex_site/rinbo_fsm_disabled_leg.yaml,parameters.rinbo_tripod_rslip.safety.stop_on_bus_current_limit,false,active native FSM site
/home/jetson/redrhex_site/rinbo_fsm_disabled_leg.yaml,parameters.rinbo_tripod_rslip.safety.require_power_relay,true,active native FSM site
/home/jetson/redrhex_site/rinbo_fsm_disabled_leg.yaml,parameters.rinbo_tripod_rslip.safety.stop_on_power_stale,true,active native FSM site
/home/jetson/redrhex_site/rinbo_fsm_disabled_leg.yaml,parameters.rinbo_tripod_rslip.safety.stop_on_position_error,false,active native FSM site
/home/jetson/redrhex_site/rinbo_fsm_disabled_leg.yaml,parameters.rinbo_tripod_rslip.safety.enable_pwm_slew_limit,false,active native FSM site
/home/jetson/redrhex_site/rinbo_fsm_disabled_leg.yaml,parameters.rinbo_tripod_rslip.safety.power_bus_voltage_channel,7,active native FSM site
/home/jetson/redrhex_site/rinbo_fsm_disabled_leg.yaml,parameters.rinbo_tripod_rslip.safety.leg_current_channels,"[1, 2, 3, 4, 5, 6]",active native FSM site
/home/jetson/redrhex_site/rinbo_fsm_disabled_leg.yaml,parameters.rinbo_tripod_rslip.safety.min_bus_voltage,18.0,active native FSM site
/home/jetson/redrhex_site/rinbo_fsm_disabled_leg.yaml,parameters.rinbo_tripod_rslip.safety.max_bus_voltage,42.0,active native FSM site
/home/jetson/redrhex_site/rinbo_fsm_disabled_leg.yaml,parameters.rinbo_tripod_rslip.safety.max_current,5.0,active native FSM site
/home/jetson/redrhex_site/rinbo_fsm_disabled_leg.yaml,parameters.rinbo_tripod_rslip.safety.max_bus_current,30.0,active native FSM site
/home/jetson/redrhex_site/rinbo_fsm_disabled_leg.yaml,parameters.rinbo_tripod_rslip.safety.max_position_error_counts,9000.0,active native FSM site
/home/jetson/redrhex_site/rinbo_fsm_disabled_leg.yaml,parameters.rinbo_tripod_rslip.safety.pwm_slew_rate_per_sec,250.0,active native FSM site
/home/jetson/redrhex_site/rinbo_fsm_disabled_leg.yaml,parameters.rinbo_tripod_rslip.safety.power_stale_seconds,0.5,active native FSM site
/home/jetson/redrhex_site/rinbo_fsm_disabled_leg.yaml,parameters.rinbo_tripod_rslip.safety.power_required_after_seconds,2.0,active native FSM site
/home/jetson/redrhex_site/rinbo_fsm_disabled_leg.yaml,parameters.rinbo_tripod_rslip.safety.motor_state_stale_seconds,0.25,active native FSM site
/home/jetson/redrhex_site/rinbo_fsm_disabled_leg.yaml,parameters.rinbo_tripod_rslip.safety.motor_state_source_max_age_s,0.1,active native FSM site
/home/jetson/redrhex_site/rinbo_fsm_disabled_leg.yaml,parameters.rinbo_tripod_rslip.safety.power_state_source_max_age_s,0.35,active native FSM site
/home/jetson/redrhex_site/rinbo_fsm_disabled_leg.yaml,parameters.rinbo_tripod_rslip.safety.motor_state_required_after_seconds,2.0,active native FSM site
/home/jetson/redrhex_site/rinbo_fsm_disabled_leg.yaml,parameters.rinbo_tripod_rslip.safety.voltage_trip_samples,5,active native FSM site
/home/jetson/redrhex_site/rinbo_fsm_disabled_leg.yaml,parameters.rinbo_tripod_rslip.safety.current_trip_samples,25,active native FSM site
/home/jetson/redrhex_site/rinbo_fsm_disabled_leg.yaml,parameters.rinbo_tripod_rslip.safety.position_error_trip_samples,10,active native FSM site
/home/jetson/redrhex_site/rinbo_fsm_disabled_leg.yaml,parameters.rinbo_tripod_rslip.safety.position_error_trip_seconds,0.5,active native FSM site
/home/jetson/redrhex_site/rinbo_fsm_disabled_leg.yaml,parameters.rinbo_tripod_rslip.friction_pwm,0,active native FSM site
/home/jetson/redrhex_site/rinbo_fsm_disabled_leg.yaml,parameters.rinbo_tripod_rslip.friction_velocity_counts_s,153.6,active native FSM site
/home/jetson/redrhex_site/rinbo_fsm_disabled_leg.yaml,parameters.rinbo_tripod_rslip.velocity_filter_time_constant_s,0.005,active native FSM site
/home/jetson/redrhex_site/lowlevel_bridge_sensor_v2_suspended_experimental.yaml,redrhex_lowlevel_bridge.ros__parameters.backend,"""biorola_ros""",site file; launch selection required
/home/jetson/redrhex_site/lowlevel_bridge_sensor_v2_suspended_experimental.yaml,redrhex_lowlevel_bridge.ros__parameters.feedback_rate_hz,50.0,site file; launch selection required
/home/jetson/redrhex_site/lowlevel_bridge_sensor_v2_suspended_experimental.yaml,redrhex_lowlevel_bridge.ros__parameters.hardware.disabled_legs,"[""L1""]",site file; launch selection required
/home/jetson/redrhex_site/lowlevel_bridge_sensor_v2_suspended_experimental.yaml,redrhex_lowlevel_bridge.ros__parameters.hardware.max_disabled_legs,1,site file; launch selection required
/home/jetson/redrhex_site/lowlevel_bridge_sensor_v2_suspended_experimental.yaml,redrhex_lowlevel_bridge.ros__parameters.rinbo.command_topic,"""/motor/command""",site file; launch selection required
/home/jetson/redrhex_site/lowlevel_bridge_sensor_v2_suspended_experimental.yaml,redrhex_lowlevel_bridge.ros__parameters.rinbo.state_topic,"""/motor/state""",site file; launch selection required
/home/jetson/redrhex_site/lowlevel_bridge_sensor_v2_suspended_experimental.yaml,redrhex_lowlevel_bridge.ros__parameters.rinbo.power_state_topic,"""/power/state""",site file; launch selection required
/home/jetson/redrhex_site/lowlevel_bridge_sensor_v2_suspended_experimental.yaml,redrhex_lowlevel_bridge.ros__parameters.rinbo.joint_state_topic,"""/joint_states""",site file; launch selection required
/home/jetson/redrhex_site/lowlevel_bridge_sensor_v2_suspended_experimental.yaml,redrhex_lowlevel_bridge.ros__parameters.rinbo.preview_topic,"""/redrhex/rinbo_motor_command_preview""",site file; launch selection required
/home/jetson/redrhex_site/lowlevel_bridge_sensor_v2_suspended_experimental.yaml,redrhex_lowlevel_bridge.ros__parameters.rinbo.publish_preview,true,site file; launch selection required
/home/jetson/redrhex_site/lowlevel_bridge_sensor_v2_suspended_experimental.yaml,redrhex_lowlevel_bridge.ros__parameters.rinbo.allow_enable,false,site file; launch selection required
/home/jetson/redrhex_site/lowlevel_bridge_sensor_v2_suspended_experimental.yaml,redrhex_lowlevel_bridge.ros__parameters.rinbo.publish_when_disabled,false,site file; launch selection required
/home/jetson/redrhex_site/lowlevel_bridge_sensor_v2_suspended_experimental.yaml,redrhex_lowlevel_bridge.ros__parameters.rinbo.disabled_servo_control_mode,0,site file; launch selection required
/home/jetson/redrhex_site/lowlevel_bridge_sensor_v2_suspended_experimental.yaml,redrhex_lowlevel_bridge.ros__parameters.rinbo.publish_shutdown_disable,true,site file; launch selection required
/home/jetson/redrhex_site/lowlevel_bridge_sensor_v2_suspended_experimental.yaml,redrhex_lowlevel_bridge.ros__parameters.rinbo.shutdown_disable_repeats,8,site file; launch selection required
/home/jetson/redrhex_site/lowlevel_bridge_sensor_v2_suspended_experimental.yaml,redrhex_lowlevel_bridge.ros__parameters.rinbo.shutdown_disable_period_s,0.02,site file; launch selection required
/home/jetson/redrhex_site/lowlevel_bridge_sensor_v2_suspended_experimental.yaml,redrhex_lowlevel_bridge.ros__parameters.rinbo.disabled_handshake_repeats,8,site file; launch selection required
/home/jetson/redrhex_site/lowlevel_bridge_sensor_v2_suspended_experimental.yaml,redrhex_lowlevel_bridge.ros__parameters.rinbo.require_downstream_output_ack,true,site file; launch selection required
/home/jetson/redrhex_site/lowlevel_bridge_sensor_v2_suspended_experimental.yaml,redrhex_lowlevel_bridge.ros__parameters.rinbo.downstream_output_ack_topic,"""/rinbo/motor_output_enabled""",site file; launch selection required
/home/jetson/redrhex_site/lowlevel_bridge_sensor_v2_suspended_experimental.yaml,redrhex_lowlevel_bridge.ros__parameters.rinbo.downstream_output_ack_timeout_s,0.1,site file; launch selection required
/home/jetson/redrhex_site/lowlevel_bridge_sensor_v2_suspended_experimental.yaml,redrhex_lowlevel_bridge.ros__parameters.rinbo.require_state,true,site file; launch selection required
/home/jetson/redrhex_site/lowlevel_bridge_sensor_v2_suspended_experimental.yaml,redrhex_lowlevel_bridge.ros__parameters.rinbo.block_if_duplicate_command_publishers,true,site file; launch selection required
/home/jetson/redrhex_site/lowlevel_bridge_sensor_v2_suspended_experimental.yaml,redrhex_lowlevel_bridge.ros__parameters.rinbo.state_timeout_s,0.25,site file; launch selection required
/home/jetson/redrhex_site/lowlevel_bridge_sensor_v2_suspended_experimental.yaml,redrhex_lowlevel_bridge.ros__parameters.rinbo.main_position_counts_per_rev,54984.83,site file; launch selection required
/home/jetson/redrhex_site/lowlevel_bridge_sensor_v2_suspended_experimental.yaml,redrhex_lowlevel_bridge.ros__parameters.rinbo.main_encoder_zero_counts_rinbo_order,"[0.0, 0.0, 0.0, 0.0, 0.0, 0.0]",site file; launch selection required
/home/jetson/redrhex_site/lowlevel_bridge_sensor_v2_suspended_experimental.yaml,redrhex_lowlevel_bridge.ros__parameters.rinbo.main_encoder_sign_rinbo_order,"[-1.0, -1.0, -1.0, 1.0, 1.0, 1.0]",site file; launch selection required
/home/jetson/redrhex_site/lowlevel_bridge_sensor_v2_suspended_experimental.yaml,redrhex_lowlevel_bridge.ros__parameters.rinbo.main_velocity_sign_policy_order,"[1.0, 1.0, 1.0, 1.0, 1.0, 1.0]",site file; launch selection required
/home/jetson/redrhex_site/lowlevel_bridge_sensor_v2_suspended_experimental.yaml,redrhex_lowlevel_bridge.ros__parameters.rinbo.main_direction_positive_rinbo_order,"[true, true, true, false, false, false]",site file; launch selection required
/home/jetson/redrhex_site/lowlevel_bridge_sensor_v2_suspended_experimental.yaml,redrhex_lowlevel_bridge.ros__parameters.rinbo.main_pwm_per_rad_s,40.0,site file; launch selection required
/home/jetson/redrhex_site/lowlevel_bridge_sensor_v2_suspended_experimental.yaml,redrhex_lowlevel_bridge.ros__parameters.rinbo.main_max_pwm,80.0,site file; launch selection required
/home/jetson/redrhex_site/lowlevel_bridge_sensor_v2_suspended_experimental.yaml,redrhex_lowlevel_bridge.ros__parameters.rinbo.main_pwm_slew_rate_per_s,250.0,site file; launch selection required
/home/jetson/redrhex_site/lowlevel_bridge_sensor_v2_suspended_experimental.yaml,redrhex_lowlevel_bridge.ros__parameters.rinbo.main_velocity_filter_alpha,0.35,site file; launch selection required
/home/jetson/redrhex_site/lowlevel_bridge_sensor_v2_suspended_experimental.yaml,redrhex_lowlevel_bridge.ros__parameters.rinbo.main_velocity_max_dt_s,0.2,site file; launch selection required
/home/jetson/redrhex_site/lowlevel_bridge_sensor_v2_suspended_experimental.yaml,redrhex_lowlevel_bridge.ros__parameters.rinbo.main_velocity_clip_rad_s,20.0,site file; launch selection required
/home/jetson/redrhex_site/lowlevel_bridge_sensor_v2_suspended_experimental.yaml,redrhex_lowlevel_bridge.ros__parameters.rinbo.max_main_target_velocity_rad_s,1.0,site file; launch selection required
/home/jetson/redrhex_site/lowlevel_bridge_sensor_v2_suspended_experimental.yaml,redrhex_lowlevel_bridge.ros__parameters.rinbo.require_main_drive_calibration,true,site file; launch selection required
/home/jetson/redrhex_site/lowlevel_bridge_sensor_v2_suspended_experimental.yaml,redrhex_lowlevel_bridge.ros__parameters.rinbo.main_drive_calibrated,false,site file; launch selection required
/home/jetson/redrhex_site/lowlevel_bridge_sensor_v2_suspended_experimental.yaml,redrhex_lowlevel_bridge.ros__parameters.rinbo.abad_encoder_zero_rinbo_order,"[740, 2565, 3283, 1944, 2071, 989]",site file; launch selection required
/home/jetson/redrhex_site/lowlevel_bridge_sensor_v2_suspended_experimental.yaml,redrhex_lowlevel_bridge.ros__parameters.rinbo.abad_encoder_counts_per_rad,1000.0,site file; launch selection required
/home/jetson/redrhex_site/lowlevel_bridge_sensor_v2_suspended_experimental.yaml,redrhex_lowlevel_bridge.ros__parameters.rinbo.abad_encoder_counts_per_rad_rinbo_order,"[1000.0, 1000.0, 1000.0, 1000.0, 1000.0, 1000.0]",site file; launch selection required
/home/jetson/redrhex_site/lowlevel_bridge_sensor_v2_suspended_experimental.yaml,redrhex_lowlevel_bridge.ros__parameters.rinbo.abad_encoder_min,0,site file; launch selection required
/home/jetson/redrhex_site/lowlevel_bridge_sensor_v2_suspended_experimental.yaml,redrhex_lowlevel_bridge.ros__parameters.rinbo.abad_encoder_max,65535,site file; launch selection required
/home/jetson/redrhex_site/lowlevel_bridge_sensor_v2_suspended_experimental.yaml,redrhex_lowlevel_bridge.ros__parameters.rinbo.abad_sign_rinbo_order,"[1.0, 1.0, 1.0, 1.0, 1.0, 1.0]",site file; launch selection required
/home/jetson/redrhex_site/lowlevel_bridge_sensor_v2_suspended_experimental.yaml,redrhex_lowlevel_bridge.ros__parameters.rinbo.servo_control_mode,2,site file; launch selection required
/home/jetson/redrhex_site/lowlevel_bridge_sensor_v2_suspended_experimental.yaml,redrhex_lowlevel_bridge.ros__parameters.rinbo.max_abad_target_position_rad,0.18,site file; launch selection required
/home/jetson/redrhex_site/lowlevel_bridge_sensor_v2_suspended_experimental.yaml,redrhex_lowlevel_bridge.ros__parameters.rinbo.require_exact_command_contract,true,site file; launch selection required
/home/jetson/redrhex_site/lowlevel_bridge_sensor_v2_suspended_experimental.yaml,redrhex_lowlevel_bridge.ros__parameters.rinbo.require_single_telemetry_publisher,true,site file; launch selection required
/home/jetson/redrhex_site/lowlevel_bridge_sensor_v2_suspended_experimental.yaml,redrhex_lowlevel_bridge.ros__parameters.rinbo.expected_telemetry_publisher_node,"""rinbo_ros2_bridge""",site file; launch selection required
/home/jetson/redrhex_site/lowlevel_bridge_sensor_v2_suspended_experimental.yaml,redrhex_lowlevel_bridge.ros__parameters.rinbo.require_monotonic_telemetry_stamp,true,site file; launch selection required
/home/jetson/redrhex_site/lowlevel_bridge_sensor_v2_suspended_experimental.yaml,redrhex_lowlevel_bridge.ros__parameters.rinbo.publish_abad_joint_feedback,true,site file; launch selection required
/home/jetson/redrhex_site/lowlevel_bridge_sensor_v2_suspended_experimental.yaml,redrhex_lowlevel_bridge.ros__parameters.rinbo.abad_feedback_calibrated,false,site file; launch selection required
/home/jetson/redrhex_site/lowlevel_bridge_sensor_v2_suspended_experimental.yaml,redrhex_lowlevel_bridge.ros__parameters.rinbo.require_abad_command_calibration,true,site file; launch selection required
/home/jetson/redrhex_site/lowlevel_bridge_sensor_v2_suspended_experimental.yaml,redrhex_lowlevel_bridge.ros__parameters.rinbo.abad_command_calibrated,false,site file; launch selection required
/home/jetson/redrhex_site/lowlevel_bridge_sensor_v2_suspended_experimental.yaml,redrhex_lowlevel_bridge.ros__parameters.rinbo.require_power_state,true,site file; launch selection required
/home/jetson/redrhex_site/lowlevel_bridge_sensor_v2_suspended_experimental.yaml,redrhex_lowlevel_bridge.ros__parameters.rinbo.require_power_relay,true,site file; launch selection required
/home/jetson/redrhex_site/lowlevel_bridge_sensor_v2_suspended_experimental.yaml,redrhex_lowlevel_bridge.ros__parameters.rinbo.power_state_timeout_s,0.35,site file; launch selection required
/home/jetson/redrhex_site/lowlevel_bridge_sensor_v2_suspended_experimental.yaml,redrhex_lowlevel_bridge.ros__parameters.rinbo.command_timeout_s,0.1,site file; launch selection required
/home/jetson/redrhex_site/lowlevel_bridge_sensor_v2_suspended_experimental.yaml,redrhex_lowlevel_bridge.ros__parameters.rinbo.block_if_duplicate_upstream_publishers,true,site file; launch selection required
/home/jetson/redrhex_site/lowlevel_bridge_sensor_v2_suspended_experimental.yaml,redrhex_lowlevel_bridge.ros__parameters.rinbo.expected_upstream_command_publisher_node,"""/redrhex_rl_controller""",site file; launch selection required
/home/jetson/redrhex_site/lowlevel_bridge_sensor_v2_suspended_experimental.yaml,redrhex_lowlevel_bridge.ros__parameters.rinbo.upstream_command_max_age_s,0.1,site file; launch selection required
/home/jetson/redrhex_site/lowlevel_bridge_sensor_v2_suspended_experimental.yaml,redrhex_lowlevel_bridge.ros__parameters.rinbo.recovery_healthy_samples,5,site file; launch selection required
/home/jetson/redrhex_site/lowlevel_bridge_sensor_v2_suspended_experimental.yaml,redrhex_lowlevel_bridge.ros__parameters.rinbo.power_bus_voltage_channel,7,site file; launch selection required
/home/jetson/redrhex_site/lowlevel_bridge_sensor_v2_suspended_experimental.yaml,redrhex_lowlevel_bridge.ros__parameters.rinbo.leg_current_channels_rinbo_order,"[1, 2, 3, 4, 5, 6]",site file; launch selection required
/home/jetson/redrhex_site/lowlevel_bridge_sensor_v2_suspended_experimental.yaml,redrhex_lowlevel_bridge.ros__parameters.rinbo.min_bus_voltage,18.0,site file; launch selection required
/home/jetson/redrhex_site/lowlevel_bridge_sensor_v2_suspended_experimental.yaml,redrhex_lowlevel_bridge.ros__parameters.rinbo.max_bus_voltage,42.0,site file; launch selection required
/home/jetson/redrhex_site/lowlevel_bridge_sensor_v2_suspended_experimental.yaml,redrhex_lowlevel_bridge.ros__parameters.rinbo.max_current_a,5.0,site file; launch selection required
/home/jetson/redrhex_site/lowlevel_bridge_sensor_v2_suspended_experimental.yaml,redrhex_lowlevel_bridge.ros__parameters.rinbo.current_trip_samples,10,site file; launch selection required
/home/jetson/redrhex_site/lowlevel_bridge_sensor_v2_suspended_experimental.yaml,redrhex_lowlevel_bridge.ros__parameters.rinbo.voltage_trip_samples,3,site file; launch selection required
/home/jetson/redrhex_site/lowlevel_bridge_sensor_v2_suspended_experimental.yaml,redrhex_lowlevel_bridge.ros__parameters.rinbo.max_bus_current_a,30.0,site file; launch selection required
/home/jetson/redrhex_site/lowlevel_bridge_sensor_v2_suspended_experimental.yaml,redrhex_lowlevel_bridge.ros__parameters.rinbo.stop_on_bus_current_limit,false,site file; launch selection required
/home/jetson/redrhex_site/lowlevel_bridge_full_feedback_rig.yaml,redrhex_lowlevel_bridge.ros__parameters.backend,"""biorola_ros""",site file; launch selection required
/home/jetson/redrhex_site/lowlevel_bridge_full_feedback_rig.yaml,redrhex_lowlevel_bridge.ros__parameters.feedback_rate_hz,50.0,site file; launch selection required
/home/jetson/redrhex_site/lowlevel_bridge_full_feedback_rig.yaml,redrhex_lowlevel_bridge.ros__parameters.hardware.disabled_legs,[],site file; launch selection required
/home/jetson/redrhex_site/lowlevel_bridge_full_feedback_rig.yaml,redrhex_lowlevel_bridge.ros__parameters.hardware.max_disabled_legs,1,site file; launch selection required
/home/jetson/redrhex_site/lowlevel_bridge_full_feedback_rig.yaml,redrhex_lowlevel_bridge.ros__parameters.rinbo.command_topic,"""/motor/command""",site file; launch selection required
/home/jetson/redrhex_site/lowlevel_bridge_full_feedback_rig.yaml,redrhex_lowlevel_bridge.ros__parameters.rinbo.state_topic,"""/motor/state""",site file; launch selection required
/home/jetson/redrhex_site/lowlevel_bridge_full_feedback_rig.yaml,redrhex_lowlevel_bridge.ros__parameters.rinbo.power_state_topic,"""/power/state""",site file; launch selection required
/home/jetson/redrhex_site/lowlevel_bridge_full_feedback_rig.yaml,redrhex_lowlevel_bridge.ros__parameters.rinbo.joint_state_topic,"""/joint_states""",site file; launch selection required
/home/jetson/redrhex_site/lowlevel_bridge_full_feedback_rig.yaml,redrhex_lowlevel_bridge.ros__parameters.rinbo.preview_topic,"""/redrhex/rinbo_motor_command_preview""",site file; launch selection required
/home/jetson/redrhex_site/lowlevel_bridge_full_feedback_rig.yaml,redrhex_lowlevel_bridge.ros__parameters.rinbo.publish_preview,true,site file; launch selection required
/home/jetson/redrhex_site/lowlevel_bridge_full_feedback_rig.yaml,redrhex_lowlevel_bridge.ros__parameters.rinbo.allow_enable,false,site file; launch selection required
/home/jetson/redrhex_site/lowlevel_bridge_full_feedback_rig.yaml,redrhex_lowlevel_bridge.ros__parameters.rinbo.publish_when_disabled,false,site file; launch selection required
/home/jetson/redrhex_site/lowlevel_bridge_full_feedback_rig.yaml,redrhex_lowlevel_bridge.ros__parameters.rinbo.disabled_servo_control_mode,0,site file; launch selection required
/home/jetson/redrhex_site/lowlevel_bridge_full_feedback_rig.yaml,redrhex_lowlevel_bridge.ros__parameters.rinbo.publish_shutdown_disable,true,site file; launch selection required
/home/jetson/redrhex_site/lowlevel_bridge_full_feedback_rig.yaml,redrhex_lowlevel_bridge.ros__parameters.rinbo.shutdown_disable_repeats,8,site file; launch selection required
/home/jetson/redrhex_site/lowlevel_bridge_full_feedback_rig.yaml,redrhex_lowlevel_bridge.ros__parameters.rinbo.shutdown_disable_period_s,0.02,site file; launch selection required
/home/jetson/redrhex_site/lowlevel_bridge_full_feedback_rig.yaml,redrhex_lowlevel_bridge.ros__parameters.rinbo.disabled_handshake_repeats,8,site file; launch selection required
/home/jetson/redrhex_site/lowlevel_bridge_full_feedback_rig.yaml,redrhex_lowlevel_bridge.ros__parameters.rinbo.require_downstream_output_ack,true,site file; launch selection required
/home/jetson/redrhex_site/lowlevel_bridge_full_feedback_rig.yaml,redrhex_lowlevel_bridge.ros__parameters.rinbo.downstream_output_ack_topic,"""/rinbo/motor_output_enabled""",site file; launch selection required
/home/jetson/redrhex_site/lowlevel_bridge_full_feedback_rig.yaml,redrhex_lowlevel_bridge.ros__parameters.rinbo.downstream_output_ack_timeout_s,0.1,site file; launch selection required
/home/jetson/redrhex_site/lowlevel_bridge_full_feedback_rig.yaml,redrhex_lowlevel_bridge.ros__parameters.rinbo.require_state,true,site file; launch selection required
/home/jetson/redrhex_site/lowlevel_bridge_full_feedback_rig.yaml,redrhex_lowlevel_bridge.ros__parameters.rinbo.block_if_duplicate_command_publishers,true,site file; launch selection required
/home/jetson/redrhex_site/lowlevel_bridge_full_feedback_rig.yaml,redrhex_lowlevel_bridge.ros__parameters.rinbo.state_timeout_s,0.25,site file; launch selection required
/home/jetson/redrhex_site/lowlevel_bridge_full_feedback_rig.yaml,redrhex_lowlevel_bridge.ros__parameters.rinbo.main_position_counts_per_rev,54984.83,site file; launch selection required
/home/jetson/redrhex_site/lowlevel_bridge_full_feedback_rig.yaml,redrhex_lowlevel_bridge.ros__parameters.rinbo.main_encoder_zero_counts_rinbo_order,"[0.0, 0.0, 0.0, 0.0, 0.0, 0.0]",site file; launch selection required
/home/jetson/redrhex_site/lowlevel_bridge_full_feedback_rig.yaml,redrhex_lowlevel_bridge.ros__parameters.rinbo.main_encoder_sign_rinbo_order,"[-1.0, -1.0, -1.0, 1.0, 1.0, 1.0]",site file; launch selection required
/home/jetson/redrhex_site/lowlevel_bridge_full_feedback_rig.yaml,redrhex_lowlevel_bridge.ros__parameters.rinbo.main_velocity_sign_policy_order,"[1.0, 1.0, 1.0, 1.0, 1.0, 1.0]",site file; launch selection required
/home/jetson/redrhex_site/lowlevel_bridge_full_feedback_rig.yaml,redrhex_lowlevel_bridge.ros__parameters.rinbo.main_direction_positive_rinbo_order,"[true, true, true, false, false, false]",site file; launch selection required
/home/jetson/redrhex_site/lowlevel_bridge_full_feedback_rig.yaml,redrhex_lowlevel_bridge.ros__parameters.rinbo.main_pwm_per_rad_s,40.0,site file; launch selection required
/home/jetson/redrhex_site/lowlevel_bridge_full_feedback_rig.yaml,redrhex_lowlevel_bridge.ros__parameters.rinbo.main_max_pwm,80.0,site file; launch selection required
/home/jetson/redrhex_site/lowlevel_bridge_full_feedback_rig.yaml,redrhex_lowlevel_bridge.ros__parameters.rinbo.main_pwm_slew_rate_per_s,250.0,site file; launch selection required
/home/jetson/redrhex_site/lowlevel_bridge_full_feedback_rig.yaml,redrhex_lowlevel_bridge.ros__parameters.rinbo.main_velocity_filter_alpha,0.35,site file; launch selection required
/home/jetson/redrhex_site/lowlevel_bridge_full_feedback_rig.yaml,redrhex_lowlevel_bridge.ros__parameters.rinbo.main_velocity_max_dt_s,0.2,site file; launch selection required
/home/jetson/redrhex_site/lowlevel_bridge_full_feedback_rig.yaml,redrhex_lowlevel_bridge.ros__parameters.rinbo.main_velocity_clip_rad_s,20.0,site file; launch selection required
/home/jetson/redrhex_site/lowlevel_bridge_full_feedback_rig.yaml,redrhex_lowlevel_bridge.ros__parameters.rinbo.max_main_target_velocity_rad_s,1.0,site file; launch selection required
/home/jetson/redrhex_site/lowlevel_bridge_full_feedback_rig.yaml,redrhex_lowlevel_bridge.ros__parameters.rinbo.require_main_drive_calibration,true,site file; launch selection required
/home/jetson/redrhex_site/lowlevel_bridge_full_feedback_rig.yaml,redrhex_lowlevel_bridge.ros__parameters.rinbo.main_drive_calibrated,false,site file; launch selection required
/home/jetson/redrhex_site/lowlevel_bridge_full_feedback_rig.yaml,redrhex_lowlevel_bridge.ros__parameters.rinbo.abad_encoder_zero_rinbo_order,"[740, 2565, 3283, 1944, 2071, 989]",site file; launch selection required
/home/jetson/redrhex_site/lowlevel_bridge_full_feedback_rig.yaml,redrhex_lowlevel_bridge.ros__parameters.rinbo.abad_encoder_counts_per_rad,1000.0,site file; launch selection required
/home/jetson/redrhex_site/lowlevel_bridge_full_feedback_rig.yaml,redrhex_lowlevel_bridge.ros__parameters.rinbo.abad_encoder_counts_per_rad_rinbo_order,"[1000.0, 1000.0, 1000.0, 1000.0, 1000.0, 1000.0]",site file; launch selection required
/home/jetson/redrhex_site/lowlevel_bridge_full_feedback_rig.yaml,redrhex_lowlevel_bridge.ros__parameters.rinbo.abad_encoder_min,0,site file; launch selection required
/home/jetson/redrhex_site/lowlevel_bridge_full_feedback_rig.yaml,redrhex_lowlevel_bridge.ros__parameters.rinbo.abad_encoder_max,65535,site file; launch selection required
/home/jetson/redrhex_site/lowlevel_bridge_full_feedback_rig.yaml,redrhex_lowlevel_bridge.ros__parameters.rinbo.abad_sign_rinbo_order,"[1.0, 1.0, 1.0, 1.0, 1.0, 1.0]",site file; launch selection required
/home/jetson/redrhex_site/lowlevel_bridge_full_feedback_rig.yaml,redrhex_lowlevel_bridge.ros__parameters.rinbo.servo_control_mode,2,site file; launch selection required
/home/jetson/redrhex_site/lowlevel_bridge_full_feedback_rig.yaml,redrhex_lowlevel_bridge.ros__parameters.rinbo.max_abad_target_position_rad,0.18,site file; launch selection required
/home/jetson/redrhex_site/lowlevel_bridge_full_feedback_rig.yaml,redrhex_lowlevel_bridge.ros__parameters.rinbo.require_exact_command_contract,true,site file; launch selection required
/home/jetson/redrhex_site/lowlevel_bridge_full_feedback_rig.yaml,redrhex_lowlevel_bridge.ros__parameters.rinbo.require_single_telemetry_publisher,true,site file; launch selection required
/home/jetson/redrhex_site/lowlevel_bridge_full_feedback_rig.yaml,redrhex_lowlevel_bridge.ros__parameters.rinbo.expected_telemetry_publisher_node,"""rinbo_ros2_bridge""",site file; launch selection required
/home/jetson/redrhex_site/lowlevel_bridge_full_feedback_rig.yaml,redrhex_lowlevel_bridge.ros__parameters.rinbo.require_monotonic_telemetry_stamp,true,site file; launch selection required
/home/jetson/redrhex_site/lowlevel_bridge_full_feedback_rig.yaml,redrhex_lowlevel_bridge.ros__parameters.rinbo.publish_abad_joint_feedback,true,site file; launch selection required
/home/jetson/redrhex_site/lowlevel_bridge_full_feedback_rig.yaml,redrhex_lowlevel_bridge.ros__parameters.rinbo.abad_feedback_calibrated,false,site file; launch selection required
/home/jetson/redrhex_site/lowlevel_bridge_full_feedback_rig.yaml,redrhex_lowlevel_bridge.ros__parameters.rinbo.require_abad_command_calibration,true,site file; launch selection required
/home/jetson/redrhex_site/lowlevel_bridge_full_feedback_rig.yaml,redrhex_lowlevel_bridge.ros__parameters.rinbo.abad_command_calibrated,false,site file; launch selection required
/home/jetson/redrhex_site/lowlevel_bridge_full_feedback_rig.yaml,redrhex_lowlevel_bridge.ros__parameters.rinbo.require_power_state,true,site file; launch selection required
/home/jetson/redrhex_site/lowlevel_bridge_full_feedback_rig.yaml,redrhex_lowlevel_bridge.ros__parameters.rinbo.require_power_relay,true,site file; launch selection required
/home/jetson/redrhex_site/lowlevel_bridge_full_feedback_rig.yaml,redrhex_lowlevel_bridge.ros__parameters.rinbo.power_state_timeout_s,0.35,site file; launch selection required
/home/jetson/redrhex_site/lowlevel_bridge_full_feedback_rig.yaml,redrhex_lowlevel_bridge.ros__parameters.rinbo.command_timeout_s,0.1,site file; launch selection required
/home/jetson/redrhex_site/lowlevel_bridge_full_feedback_rig.yaml,redrhex_lowlevel_bridge.ros__parameters.rinbo.block_if_duplicate_upstream_publishers,true,site file; launch selection required
/home/jetson/redrhex_site/lowlevel_bridge_full_feedback_rig.yaml,redrhex_lowlevel_bridge.ros__parameters.rinbo.expected_upstream_command_publisher_node,"""/redrhex_rl_controller""",site file; launch selection required
/home/jetson/redrhex_site/lowlevel_bridge_full_feedback_rig.yaml,redrhex_lowlevel_bridge.ros__parameters.rinbo.upstream_command_max_age_s,0.1,site file; launch selection required
/home/jetson/redrhex_site/lowlevel_bridge_full_feedback_rig.yaml,redrhex_lowlevel_bridge.ros__parameters.rinbo.recovery_healthy_samples,5,site file; launch selection required
/home/jetson/redrhex_site/lowlevel_bridge_full_feedback_rig.yaml,redrhex_lowlevel_bridge.ros__parameters.rinbo.power_bus_voltage_channel,7,site file; launch selection required
/home/jetson/redrhex_site/lowlevel_bridge_full_feedback_rig.yaml,redrhex_lowlevel_bridge.ros__parameters.rinbo.leg_current_channels_rinbo_order,"[1, 2, 3, 4, 5, 6]",site file; launch selection required
/home/jetson/redrhex_site/lowlevel_bridge_full_feedback_rig.yaml,redrhex_lowlevel_bridge.ros__parameters.rinbo.min_bus_voltage,18.0,site file; launch selection required
/home/jetson/redrhex_site/lowlevel_bridge_full_feedback_rig.yaml,redrhex_lowlevel_bridge.ros__parameters.rinbo.max_bus_voltage,42.0,site file; launch selection required
/home/jetson/redrhex_site/lowlevel_bridge_full_feedback_rig.yaml,redrhex_lowlevel_bridge.ros__parameters.rinbo.max_current_a,5.0,site file; launch selection required
/home/jetson/redrhex_site/lowlevel_bridge_full_feedback_rig.yaml,redrhex_lowlevel_bridge.ros__parameters.rinbo.current_trip_samples,10,site file; launch selection required
/home/jetson/redrhex_site/lowlevel_bridge_full_feedback_rig.yaml,redrhex_lowlevel_bridge.ros__parameters.rinbo.voltage_trip_samples,3,site file; launch selection required
/home/jetson/redrhex_site/lowlevel_bridge_full_feedback_rig.yaml,redrhex_lowlevel_bridge.ros__parameters.rinbo.max_bus_current_a,30.0,site file; launch selection required
/home/jetson/redrhex_site/lowlevel_bridge_full_feedback_rig.yaml,redrhex_lowlevel_bridge.ros__parameters.rinbo.stop_on_bus_current_limit,false,site file; launch selection required
